{"scoring":"В тестах общей стоимостью 25 баллов все числа во входных данных не будут превосходить $1000$.\r\n \r\nВ тестах общей стоимостью 50 баллов все числа во входных данных не будут превосходить $10^5$.","notes":"","legend":"У мальчика Димы есть своя бутявочная ферма. Скоро на ней вырастут $N$ бутявок, и Диме надо будет отвезти их на рынок продавать.\r\n\r\nБутявок надо перевозить в стеклянных банках. Если какая-то банка будет заполнена не полностью, то бутявки в этой банке закузявятся, поэтому каждую банку надо заполнять полностью.\r\n\r\nДима может покупать банки на стеклозаводе. Завод производит $K$ типов банок, банки $i$-го типа вмещают $a_i$ бутявок каждая. Дима может заказать на заводе сколько угодно банок, но, чтобы получить оптовую скидку, он должен заказывать банки только какого-то одного типа.\r\n\r\nЕстественно, Дима хочет заказать банки так, чтобы можно было каждую банку заполнить бутявками доверху и отвезти на рынок; если при этом какие-то бутявки не влезут, то Дима оставит этих бутявок на ферме.\r\n\r\nОпределите, сколько банок и какого типа должен заказать Дима, чтобы увезти на рынок как можно больше бутявок.","authorLogin":"pkalinin","language":"russian","timeLimit":2000,"output":"Выведите два числа \"--- номер типа банок, которые должен заказать Дима, и их количество. Типы банок нумеруются от $1$ до $K$ в том порядке, как они описаны во входных данных.\r\n\r\nЕсли верных ответов несколько, вы можете вывести любой из них.","inputFile":"butyavki.in","outputFile":"butyavki.out","input":"Первая строка входных данных содержит два целых числа $N$ и $K$ \"--- количество бутявок, которые вырастут у Димы на ферме, и количество типов банок, которые производит стеклозавод ($0\\leq N \\leq 10^{18}$, $1\\leq K\\leq 10^5$).\r\n\r\nВо второй строке находятся $K$ целых чисел $a_1$, $a_2$, \\dots, $a_K$ \"--- вместимости каждого типа банок ($1 \\leq a_i \\leq 10^{18}$ для всех $i$). ","authorName":"Petr Kalinin","sampleTests":[{"output":"2 4","input":"19 3\r\n5 4 10\r\n"},{"output":"1 5","input":"28 3\r\n5 6 30\r\n"}],"name":"Бутявочная ферма","interaction":null,"memoryLimit":67108864,"tutorial":"Самое простое решение этой задачи состояло в том, чтобы искать не максимальное количество бутявок, которых можно отвезти на рынок, а минимальное количество бутявок, которых можно оставить на ферме. Если Дима купит банки $i$-го типа, то очевидно, что на ферме останется $n \\bmod a_i$ бутявок, здесь $\\bmod$ \"--- операция взятия остатка от деления. Соответственно, надо выбрать такой тип банок $x$, чтобы величина $n \\bmod a_x$ была минимальной среди всех $x$; необходимое количество таких банок будет, очевидно, $n \\mathbin{\\mathrm{div}} a_x$, где $\\mathbin{\\mathrm{div}}$ \"--- операция взятия неполного частного."}