{"scoring":"В тестах суммарной стоимостью не менее $50$ баллов будут выполняться ограничения $1 \\le n \\le 2\\cdot10^4$.\r\n\r\nВ тестах суммарной стоимостью не менее $50$ баллов будут выполняться ограничения $1 \\leq t_i \\leq 100$.","notes":"Схема гирлянды и разрезаний к первому примеру из условия\r\n\r\n\r\n\\includegraphics[width=0.5\\linewidth,bb=0 0 400 600]{sample3.png}\r\n\r\n","legend":"Однажды под Новый Год Диме приснилось, что ему подарили сказочную гирлянду. Гирлянда~--- это набор лампочек, некоторые пары которых соединены проводами. Дима запомнил, что она представляла из себя единое целое, то есть любая пара лампочек была связана некоторой последовательностью проводов. Еще он заметил, что проводов было ровно на один меньше, чем лампочек.\r\n\r\nНеобычность гирлянды состояла в том, что яркость каждой лампочки зависела от температуры этой лампочки, которая могла быть как отрицательной, так и положительной! У Димы есть два друга, и он захотел поделиться с ними сказочным подарком. Для этого он планирует разрезать два разных провода так, чтобы гирлянда распалась на три части. Дима хочет, чтобы все три части светились одинаково, то есть чтобы в каждой из них суммарная температура лампочек совпадала. Конечно же, каждая из частей должна быть непустой, то есть в ней должна быть хотя бы одна лампочка.\r\n\r\n\\begin{center}\r\n\\includegraphics[width=0.7\\linewidth,bb=0 0 1000 693]{tree-cut_vec.png}\r\n\\end{center}\r\n\r\n\r\n\r\nПомогите ему найти способ, как это сделать, либо определите, что такого не существует.\r\n\r\nОсматривая гирлянду, Дима поднял ее, взяв за какую-то лампочку. Таким образом, каждая лампочка, кроме той, за которую он взял, оказалась висящей на некотором проводе. Поэтому в качестве ответа вам нужно вывести номера двух различных лампочек, что будет означать, что Диме нужно разрезать провода, за которые они подвешены. Соответственно, в ответ не может входить лампочка, за которую Дима взял гирлянду.","authorLogin":"pkalinin","language":"russian","timeLimit":2000,"output":"Если решения не существует, выведите ровно одно число $-1$.\r\n\r\nВ противном случае выведите одну строку из двух различных чисел~--- номеров искомых лампочек. Если правильных ответов несколько, выведите любой.","inputFile":"stdin","outputFile":"stdout","input":"В первой строке находится целое число $n$ ($3 \\leq n \\leq 10^6$)~--- количество лампочек в гирлянде.\r\n\r\nЗатем следует $n$ строк: в $i$-ой из них находится информация об $i$-ой лампочке, а именно, два целых числа~--- номер лампочки $a_i$, к которой она подвешена (если такой нет, то число $0$), и температура $t_i$ ($-100 \\leq t_i \\leq 100$). Лампочки пронумерованы от $1$ до $n$.","authorName":"Petr Kalinin","sampleTests":[{"output":"1 4","input":"6\r\n2 4\r\n0 5\r\n4 2\r\n2 1\r\n1 1\r\n4 2\r\n"},{"output":"-1","input":"6\r\n2 4\r\n0 6\r\n4 2\r\n2 1\r\n1 1\r\n4 2\r\n"}],"name":"Гирлянда","interaction":null,"memoryLimit":268435456,"tutorial":"Заметим, что описанную в условии гирлянду можно представить как граф специфического вида \"--- дерево. Приведем решение за $O(n)$. Сделаем один обход алгоритмом поиска в глубину (dfs) из корня.\r\n\r\nНам понадобится насчитать суммы $t_i$ в каждом поддереве, обозначим такую сумму $s_v$ для вершины $v$. Чтобы вычислить $s_v$, для каждого потомка $v$ рекурсивно запустим dfs и сложим полученные суммы, прибавив еще $t_v$.\r\n\r\nОбозначим сумму $t_i$ во всем дереве как $x$. Если $x$ не делится на три, то решения не существует. Иначе есть ровно два принципиально разных способа получить после разрезания двух ребер (обозначим вершины, ребра от которых к предкам будут удалены, как $v_1$ и $v_2$) три поддерева с одинаковой суммой ($x / 3$):\r\n\r\n1. Одна из вершин является предком другой (без ограничения общности, $v_2$ предок $v_1$), и $s_{v_2}=2x/3$, $s_{v_1}=x/3$.\r\n\r\n2. Ни одна из вершин $v_1$ и $v_2$ не является предком другой, и $s_{v_1}=s_{v_2}=x/3$\r\n\r\nЧтобы обнаружить первый вариант, достачно с помощью все того же обхода отслеживать, есть ли в поддереве текущей вершины $v$ хотя бы одна вершина $u$ с суммой $s_u=x/3$. Если такая вершина есть, и $s_v=2x/3$, то имеет место быть первый вариант с $v_2=v, v_1=u$. С точки зрения реализации, можно возвращать номер нужной вершины $u$ или знак об отсутствии таковой (например, $-1$) как результат работы функции dfs.\r\n\r\nЧтобы отследить второй вариант, будем запоминать все вершины $v$, такие что $s_v=x/3$ и в поддереве $v$ нет ни одной вершины $u$ с $s_u=x/3$. Заметим, что наличие/отсутствие такой $u$ для всех $v$ мы уже научились определять в предыдущем пункте. Итак, если нашлось хотя бы две вершины $v_1$ и $v_2$, удовлетворяющие условию выше, то они и составляют ответ.\r\n"}