<?xml version="1.0" encoding="Windows-1251"?>
<testing-report version="2.0" points="0" max="100" outcome="accepted" gtid="20100204162826002205393730">
  <solution problem="1" problem-name="Metro" problem-type="P" contestant="P07" time-limit="1000" memory-limit="134217728"/>
  <compiling outcome="compiled-not-tested" command-line="bpc.exe sol.pas " compiler-output="Borland Pascal  Version 7.0  Copyright (c) 1983,92 Borland International&#13;&#10;SOL.PAS(35)&#13;&#10;35 lines, 6768 bytes code, 1246 bytes data.&#13;&#10;"/>
  <testing>
    <results>
      <test id="1" outcome="presentation-error" points="0" max-points="3" comment="Unexpected end of file - integer expected" eval-comment="" time="0.015" mem="1200128"/>
      <test id="2" outcome="presentation-error" points="0" max-points="4" comment="Unexpected end of file - integer expected" eval-comment="" time="0.031" mem="1200128"/>
      <test id="3" outcome="presentation-error" points="0" max-points="4" comment="Unexpected end of file - integer expected" eval-comment="" time="0.031" mem="1200128"/>
      <test id="4" outcome="runtime-error" points="0" max-points="3" comment="Runtime error 207 (Invalid floating point operation)" eval-comment="" time="0.031" mem="1200128"/>
      <test id="5" outcome="presentation-error" points="0" max-points="3" comment="Unexpected end of file - integer expected" eval-comment="" time="0.031" mem="1200128"/>
      <test id="6" outcome="runtime-error" points="0" max-points="4" comment="Runtime error 207 (Invalid floating point operation)" eval-comment="" time="0.031" mem="1200128"/>
      <test id="7" outcome="presentation-error" points="0" max-points="4" comment="Unexpected end of file - integer expected" eval-comment="" time="0.031" mem="1200128"/>
      <test id="8" outcome="presentation-error" points="0" max-points="4" comment="Unexpected end of file - integer expected" eval-comment="" time="0.031" mem="1200128"/>
      <test id="9" outcome="runtime-error" points="0" max-points="4" comment="Runtime error 207 (Invalid floating point operation)" eval-comment="" time="0.031" mem="1200128"/>
      <test id="10" outcome="presentation-error" points="0" max-points="4" comment="Unexpected end of file - integer expected" eval-comment="" time="0.031" mem="1200128"/>
      <test id="11" outcome="presentation-error" points="0" max-points="9" comment="Unexpected end of file - integer expected" eval-comment="" time="0.031" mem="1200128"/>
      <test id="12" outcome="presentation-error" points="0" max-points="4" comment="Unexpected end of file - integer expected" eval-comment="" time="0.015" mem="1200128"/>
      <test id="13" outcome="presentation-error" points="0" max-points="4" comment="Unexpected end of file - integer expected" eval-comment="" time="0.031" mem="1200128"/>
      <test id="14" outcome="presentation-error" points="0" max-points="4" comment="Unexpected end of file - integer expected" eval-comment="" time="0.031" mem="1200128"/>
      <test id="15" outcome="presentation-error" points="0" max-points="9" comment="Unexpected end of file - integer expected" eval-comment="" time="0.031" mem="1200128"/>
      <test id="16" outcome="presentation-error" points="0" max-points="9" comment="Unexpected end of file - integer expected" eval-comment="" time="0.031" mem="1200128"/>
      <test id="17" outcome="presentation-error" points="0" max-points="3" comment="Unexpected end of file - integer expected" eval-comment="" time="0.031" mem="1200128"/>
      <test id="18" outcome="presentation-error" points="0" max-points="3" comment="Unexpected end of file - integer expected" eval-comment="" time="0.031" mem="1200128"/>
      <test id="19" outcome="presentation-error" points="0" max-points="9" comment="Unexpected end of file - integer expected" eval-comment="" time="0.031" mem="1200128"/>
      <test id="20" outcome="runtime-error" points="0" max-points="9" comment="Runtime error 207 (Invalid floating point operation)" eval-comment="" time="0.015" mem="1200128"/>
    </results>
  </testing>
</testing-report>
