{"scoring":null,"notes":"В примере в первый день выпадает снек размера $3$, и его сразу можно устанавливать. Во второй день выпадает снек размера $1$, его устанавливать еще нельзя, т.к. снек размера $2$ пока отсутствует. В третий день выпадает снек размера $2$, его тут же устанавливают, после чего устанавливают выпавший ранее снек размера $1$.","legend":"Согласно древней легенде, давным-давно жители Анк-Морпока провинились перед Госпожой Удачей, и та прокляла их. Она сказала, что однажды на город упадут $n$ снеков разных размеров, а жители должны будут составить их в один большой Снековик. При этом, естественно, внизу должны будут быть самые большие снеки, а наверху \"--- самые маленькие.\r\n\r\nПрошли годы, и однажды на город стали действительно падать самые разнообразные снеки \"--- от огромных Кендер-сюр до маленьких Что-по-чёмс. И жители города принялись строить из них Снековика.\r\n\r\n\\begin{center}\r\n\\includegraphics[width=0.5\\linewidth,bb=0 0 1000 1196]{hanoi_vec.png}\r\n\\end{center}\r\n\r\nПравда, их поджидала одна неприятность. Каждый день на город выпадал один снек, но падали они в каком-то странном порядке. Поэтому жители не всегда могли водрузить очередной снек на вершину Снековика; иногда им приходилось выпавший только что снек откладывать до тех пор, пока не выпадут все снеки больше его. Конечно, чтобы не разозлить Госпожу Удачу, жители все-таки устанавливали каждый снек, как только для того появлялась возможность.\r\n\r\nНапишите программу, которая будет моделировать деятельность жителей города по постройке Снековика.","authorLogin":"pkalinin","language":"russian","timeLimit":2000,"output":"Выведите в выходной файл $n$ строк. На $i$-й из них выведите размеры всех снеков, которые будут установлены на снековик в $i$-й день, в том порядке, в котором они будут установлены. Если в какой-то день не будет установлен ни один снек, оставьте соответствующую строку выходного файла пустой.","inputFile":"stdin","outputFile":"stdout","input":"В первой строке находится одно натуральное число $n$ ($1\\leq n\\leq 100\\,000$) \"--- общее количество снеков, которые выпадут в городе.\r\n\r\nВо второй строке находятся $n$ чисел, $i$-ое из которых равно размеру снека, выпадающего в $i$-ый день. Все размеры \"--- различные натуральные числа от $1$ до $n$. ","authorName":"Petr Kalinin","sampleTests":[{"output":"3\r\n~\r\n2 1","input":"3\r\n3 1 2\r\n"}],"name":"Снековик","interaction":null,"memoryLimit":268435456,"tutorial":"В данной задаче было достаточно просто сделать то, что сказано в условии. Для этого удобно хранить массив $has$, в котором отмечать, какие снеки уже поступили, а какие еще нет, и в отдельной переменной $next$ хранить номер следующего снека, который надо поставить на вершину. Теперь обрабатываем все входные числа по очереди. Считав очередное число, отмечаем его в массиве $has$, после чего идем по массиву $has$ начиная со снека $next$ до первого снека, которого еще нет, и все промежуточные снеки выводим и двигаем значение $next$."}