<?xml version="1.0" encoding="utf-8" standalone="no"?>
<problem revision="19" short-name="maximum-in-set" url="https://polygon.codeforces.com/p3Yg52M/kuzmichev_dima/maximum-in-set">
    <names>
        <name language="russian" value="Максимизируй!"/>
    </names>
    <statements>
        <statement charset="UTF-8" language="russian" path="statements/russian/problem.tex" type="application/x-tex"/>
        <statement language="russian" path="statements/.pdf/russian/problem.pdf" type="application/pdf"/>
        <statement charset="UTF-8" language="russian" path="statements/.html/russian/problem.html" type="text/html"/>
    </statements>
    <tutorials>
        <tutorial charset="UTF-8" language="russian" path="statements/russian/tutorial.tex" type="application/x-tex"/>
        <tutorial language="russian" path="statements/.pdf/russian/tutorial.pdf" type="application/pdf"/>
        <tutorial charset="UTF-8" language="russian" path="statements/.html/russian/tutorial.html" type="text/html"/>
    </tutorials>
    <judging cpu-name="Intel(R) Core(TM) i5-3470 CPU @ 3.20GHz" cpu-speed="3200" input-file="" output-file="">
        <testset name="tests">
            <time-limit>1000</time-limit>
            <memory-limit>268435456</memory-limit>
            <test-count>30</test-count>
            <input-path-pattern>tests/%02d</input-path-pattern>
            <answer-path-pattern>tests/%02d.a</answer-path-pattern>
            <tests>
                <test method="manual" sample="true"/>
                <test method="manual" sample="true"/>
                <test cmd="gen 7 1 100" method="generated"/>
                <test cmd="gen 4 5 100" method="generated"/>
                <test cmd="gen 7 8" method="generated"/>
                <test cmd="gen 13 12" method="generated"/>
                <test cmd="gen 5 154 100000" method="generated"/>
                <test cmd="gen 37 51 100000" method="generated"/>
                <test cmd="gen 75 86 100000" method="generated"/>
                <test cmd="gen 154 121 100000" method="generated"/>
                <test cmd="gen 302 451 100000" method="generated"/>
                <test cmd="gen 540 860" method="generated"/>
                <test cmd="gen 865 774" method="generated"/>
                <test cmd="gen 4092 2836 10000" method="generated"/>
                <test cmd="gen 7362 8104 10000" method="generated"/>
                <test cmd="gen_antipref 10000 10000" method="generated"/>
                <test cmd="gen_antipref 20000 20000" method="generated"/>
                <test cmd="gen_antipref 40000 40000 50000" method="generated"/>
                <test cmd="gen_antipref 60000 60000 30000" method="generated"/>
                <test cmd="gen_antipref 80000 80000 25000" method="generated"/>
                <test cmd="gen_antipref 100000 100000 20000" method="generated"/>
                <test cmd="gen_antipref 150000 150000" method="generated"/>
                <test cmd="gen_antipref 200000 200000 10000" method="generated"/>
                <test cmd="gen_antipref 250000 250000" method="generated"/>
                <test cmd="gen_antipref 300000 200000 5000" method="generated"/>
                <test cmd="gen_antipref 350000 150000" method="generated"/>
                <test cmd="gen_antipref 400000 100000" method="generated"/>
                <test cmd="gen_antipref 450000 50000" method="generated"/>
                <test cmd="gen_antipref 499000 1000" method="generated"/>
                <test method="manual"/>
            </tests>
        </testset>
    </judging>
    <files>
        <resources>
            <file path="files/olymp.sty"/>
            <file path="files/problem.tex"/>
            <file path="files/statements.ftl"/>
            <file path="files/testlib.h" type="h.g++"/>
            <file path="files/tutorial.tex"/>
        </resources>
        <executables>
            <executable>
                <source path="files/gen.cpp" type="cpp.g++"/>
                <binary path="files/gen.exe" type="exe.win32"/>
            </executable>
            <executable>
                <source path="files/gen_antipref.cpp" type="cpp.g++"/>
                <binary path="files/gen_antipref.exe" type="exe.win32"/>
            </executable>
            <executable>
                <source path="files/validator.cpp" type="cpp.g++"/>
                <binary path="files/validator.exe" type="exe.win32"/>
            </executable>
        </executables>
    </files>
    <assets>
        <checker name="std::rcmp6.cpp" type="testlib">
            <source path="files/check.cpp" type="cpp.g++"/>
            <binary path="check.exe" type="exe.win32"/>
            <copy path="check.cpp"/>
            <testset>
                <test-count>0</test-count>
                <input-path-pattern>files/tests/checker-tests/%02d</input-path-pattern>
                <output-path-pattern>files/tests/checker-tests/%02d.o</output-path-pattern>
                <answer-path-pattern>files/tests/checker-tests/%02d.a</answer-path-pattern>
                <tests/>
            </testset>
        </checker>
        <validators>
            <validator>
                <source path="files/validator.cpp" type="cpp.g++"/>
                <binary path="files/validator.exe" type="exe.win32"/>
                <testset>
                    <test-count>8</test-count>
                    <input-path-pattern>files/tests/validator-tests/%02d</input-path-pattern>
                    <tests>
                        <test verdict="invalid"/>
                        <test verdict="valid"/>
                        <test verdict="invalid"/>
                        <test verdict="invalid"/>
                        <test verdict="invalid"/>
                        <test verdict="invalid"/>
                        <test verdict="invalid"/>
                        <test verdict="valid"/>
                    </tests>
                </testset>
            </validator>
        </validators>
        <solutions>
            <solution tag="rejected">
                <source path="solutions/dk_exp_overflow.cpp" type="cpp.g++"/>
                <binary path="solutions/dk_exp_overflow.exe" type="exe.win32"/>
            </solution>
            <solution tag="rejected">
                <source path="solutions/dk_exp_tl.cpp" type="cpp.g++"/>
                <binary path="solutions/dk_exp_tl.exe" type="exe.win32"/>
            </solution>
            <solution tag="time-limit-exceeded">
                <source path="solutions/dk_n2_tl.cpp" type="cpp.g++"/>
                <binary path="solutions/dk_n2_tl.exe" type="exe.win32"/>
            </solution>
            <solution tag="rejected">
                <source path="solutions/dk_n2_wa_overflow.cpp" type="cpp.g++"/>
                <binary path="solutions/dk_n2_wa_overflow.exe" type="exe.win32"/>
            </solution>
            <solution tag="time-limit-exceeded">
                <source path="solutions/dk_n3_tl.cpp" type="cpp.g++"/>
                <binary path="solutions/dk_n3_tl.exe" type="exe.win32"/>
            </solution>
            <solution tag="rejected">
                <source path="solutions/dk_n3_wa_overflow.cpp" type="cpp.g++"/>
                <binary path="solutions/dk_n3_wa_overflow.exe" type="exe.win32"/>
            </solution>
            <solution tag="main">
                <source path="solutions/dk_nlogn_ok.cpp" type="cpp.g++"/>
                <binary path="solutions/dk_nlogn_ok.exe" type="exe.win32"/>
            </solution>
            <solution tag="wrong-answer">
                <source path="solutions/dk_nlogn_wa_overflow.cpp" type="cpp.g++"/>
                <binary path="solutions/dk_nlogn_wa_overflow.exe" type="exe.win32"/>
            </solution>
            <solution tag="wrong-answer">
                <source path="solutions/dk_nlogn_wa_overflow2.cpp" type="cpp.g++"/>
                <binary path="solutions/dk_nlogn_wa_overflow2.exe" type="exe.win32"/>
            </solution>
            <solution tag="wrong-answer">
                <source path="solutions/dk_wa_only_pref.cpp" type="cpp.g++"/>
                <binary path="solutions/dk_wa_only_pref.exe" type="exe.win32"/>
            </solution>
            <solution tag="rejected">
                <source path="solutions/dk_wa_small_pref.cpp" type="cpp.g++"/>
                <binary path="solutions/dk_wa_small_pref.exe" type="exe.win32"/>
            </solution>
            <solution tag="rejected">
                <source path="solutions/dk_wa_small_suff.cpp" type="cpp.g++"/>
                <binary path="solutions/dk_wa_small_suff.exe" type="exe.win32"/>
            </solution>
            <solution tag="accepted">
                <source path="solutions/mk_ok.cpp" type="cpp.g++14"/>
                <binary path="solutions/mk_ok.exe" type="exe.win32"/>
            </solution>
            <solution tag="wrong-answer">
                <source path="solutions/mk_wa.cpp" type="cpp.g++17"/>
                <binary path="solutions/mk_wa.exe" type="exe.win32"/>
            </solution>
            <solution tag="accepted">
                <source path="solutions/ve_ok.cpp" type="cpp.g++17"/>
                <binary path="solutions/ve_ok.exe" type="exe.win32"/>
            </solution>
            <solution tag="accepted">
                <source path="solutions/ys_linear_ok.cpp" type="cpp.g++11"/>
                <binary path="solutions/ys_linear_ok.exe" type="exe.win32"/>
            </solution>
        </solutions>
    </assets>
    <properties>
        <property name="tests-wellformed" value="true"/>
    </properties>
    <stresses>
        <stress-count>0</stress-count>
        <stress-path-pattern>stresses/%03d</stress-path-pattern>
        <list/>
    </stresses>
    <documents>
        <document path="documents/description.txt" type="text/plain"/>
    </documents>
    <tags>
        <tag value="binary search"/>
        <tag value="nnoi"/>
        <tag value="nnoi-develop"/>
        <tag value="nnoi2018"/>
    </tags>
</problem>
