<?xml version="1.0" encoding="utf-8" standalone="no"?>
<problem revision="38" short-name="goto-center" url="https://polygon.codeforces.com/p/pkalinin/goto-center">
    <names>
        <name language="russian" value="Спасение принцессы"/>
    </names>
    <statements>
        <statement charset="UTF-8" language="russian" path="statements/russian/problem.tex" type="application/x-tex"/>
        <statement language="russian" path="statements/.pdf/russian/problem.pdf" type="application/pdf"/>
    </statements>
    <tutorials>
        <tutorial charset="UTF-8" language="russian" path="statements/russian/tutorial.tex" type="application/x-tex"/>
        <tutorial language="russian" path="statements/.pdf/russian/tutorial.pdf" type="application/pdf"/>
        <tutorial charset="UTF-8" language="russian" path="statements/.html/russian/tutorial.html" type="text/html"/>
    </tutorials>
    <judging cpu-name="Intel(R) Core(TM) i5-3470 CPU @ 3.20GHz" cpu-speed="3200" input-file="" output-file="">
        <testset name="sample">
            <time-limit>2000</time-limit>
            <memory-limit>268435456</memory-limit>
            <test-count>1</test-count>
            <input-path-pattern>sample/%02d</input-path-pattern>
            <answer-path-pattern>sample/%02d.a</answer-path-pattern>
            <tests>
                <test method="manual" sample="true"/>
            </tests>
        </testset>
        <testset name="tests">
            <time-limit>2000</time-limit>
            <memory-limit>268435456</memory-limit>
            <test-count>34</test-count>
            <input-path-pattern>tests/%02d</input-path-pattern>
            <answer-path-pattern>tests/%02d.a</answer-path-pattern>
            <tests>
                <test method="manual"/>
                <test method="manual"/>
                <test cmd="gen_all_z" method="generated"/>
                <test cmd="gen_big_int 100" method="generated"/>
                <test cmd="gen_big_int 10000" method="generated"/>
                <test cmd="gen_int_rand_maxx_maxr 10 10 100" method="generated"/>
                <test cmd="gen_int_rand_maxx_maxr 10000 10000 10000 adf" method="generated"/>
                <test cmd="gen_x0y0xy 0" method="generated"/>
                <test cmd="gen_x0y0xy 1" method="generated"/>
                <test cmd="gen_x0y0xy 2" method="generated"/>
                <test cmd="gen_x0y0xy 3" method="generated"/>
                <test cmd="gen_1000" method="generated"/>
                <test cmd="gen_rand_maxx_maxr 100 100 0 0 0 100" method="generated"/>
                <test cmd="gen_rand_maxx_maxr 100 10000 0 0 0 10000" method="generated"/>
                <test cmd="gen_rand_maxx_maxr 10000 100 0 0 0 10000" method="generated"/>
                <test cmd="gen_rand_maxx_maxr 100 100 9000 9000 0 10000" method="generated"/>
                <test cmd="gen_rand_maxx_maxr 100 100 0 0 9000 10000" method="generated"/>
                <test cmd="gen_rand_maxx_maxr 100 100 0 0 0 10000 0" method="generated"/>
                <test cmd="gen_rand_maxx_maxr 10000 10000 0 0 0 10000 0" method="generated"/>
                <test cmd="gen_rand_maxx_maxr 100 100 0 0 0 10000 1" method="generated"/>
                <test cmd="gen_rand_maxx_maxr 10000 10000 0 0 0 10000 1" method="generated"/>
                <test cmd="gen_rand_maxx_maxr 100 100 0 0 0 10000 2" method="generated"/>
                <test cmd="gen_rand_maxx_maxr 10000 10000 0 0 0 10000 2" method="generated"/>
                <test cmd="gen_rand_maxx_maxr 100 100 0 0 0 10000 3" method="generated"/>
                <test cmd="gen_rand_maxx_maxr 10000 10000 0 0 0 10000 3" method="generated"/>
                <test cmd="gen_rand_maxx_maxr 100 100 0 0 0 10000 4" method="generated"/>
                <test cmd="gen_rand_maxx_maxr 10000 10000 0 0 0 10000 4" method="generated"/>
                <test cmd="gen_rand_maxx_maxr 100 100 0 0 0 10000 5" method="generated"/>
                <test cmd="gen_rand_maxx_maxr 10000 10000 0 0 0 10000 5" method="generated"/>
                <test cmd="gen_rand_maxx_maxr 100 100 0 0 0 10000 6" method="generated"/>
                <test cmd="gen_rand_maxx_maxr 10000 10000 0 0 0 10000 6" method="generated"/>
                <test cmd="gen_rand_maxx_maxr 10000 10000 0 0 0 10000 a" method="generated"/>
                <test cmd="gen_rand_maxx_maxr 10000 10000 0 0 0 10000 b" method="generated"/>
                <test cmd="gen_rand_maxx_maxr 10000 10000 0 0 0 10000 c" method="generated"/>
            </tests>
        </testset>
    </judging>
    <files>
        <resources>
            <file path="files/olymp.sty"/>
            <file path="files/problem.tex"/>
            <file path="files/statements.ftl"/>
            <file path="files/testlib.h" type="h.g++"/>
            <file path="files/tutorial.tex"/>
        </resources>
        <executables>
            <executable>
                <source path="files/checker.cpp" type="cpp.g++"/>
                <binary path="files/checker.exe" type="exe.win32"/>
            </executable>
            <executable>
                <source path="files/gen_1000.cpp" type="cpp.g++"/>
                <binary path="files/gen_1000.exe" type="exe.win32"/>
            </executable>
            <executable>
                <source path="files/gen_all_z.cpp" type="cpp.g++"/>
                <binary path="files/gen_all_z.exe" type="exe.win32"/>
            </executable>
            <executable>
                <source path="files/gen_big_int.cpp" type="cpp.g++"/>
                <binary path="files/gen_big_int.exe" type="exe.win32"/>
            </executable>
            <executable>
                <source path="files/gen_int_rand_maxx_maxr.cpp" type="cpp.g++"/>
                <binary path="files/gen_int_rand_maxx_maxr.exe" type="exe.win32"/>
            </executable>
            <executable>
                <source path="files/gen_int_x_y_r.cpp" type="cpp.g++"/>
                <binary path="files/gen_int_x_y_r.exe" type="exe.win32"/>
            </executable>
            <executable>
                <source path="files/gen_rand_maxx_maxr.cpp" type="cpp.g++"/>
                <binary path="files/gen_rand_maxx_maxr.exe" type="exe.win32"/>
            </executable>
            <executable>
                <source path="files/gen_x0y0xy.cpp" type="cpp.g++"/>
                <binary path="files/gen_x0y0xy.exe" type="exe.win32"/>
            </executable>
            <executable>
                <source path="files/interactor.cpp" type="cpp.g++"/>
                <binary path="files/interactor.exe" type="exe.win32"/>
            </executable>
            <executable>
                <source path="files/validator.cpp" type="cpp.g++"/>
                <binary path="files/validator.exe" type="exe.win32"/>
            </executable>
        </executables>
    </files>
    <assets>
        <checker type="testlib">
            <source path="files/checker.cpp" type="cpp.g++"/>
            <binary path="check.exe" type="exe.win32"/>
            <copy path="check.cpp" type="cpp.g++"/>
            <testset>
                <test-count>6</test-count>
                <input-path-pattern>files/tests/checker-tests/%02d</input-path-pattern>
                <output-path-pattern>files/tests/checker-tests/%02d.o</output-path-pattern>
                <answer-path-pattern>files/tests/checker-tests/%02d.a</answer-path-pattern>
                <tests>
                    <test verdict="ok"/>
                    <test verdict="wrong-answer"/>
                    <test verdict="wrong-answer"/>
                    <test verdict="wrong-answer"/>
                    <test verdict="wrong-answer"/>
                    <test verdict="presentation-error"/>
                </tests>
            </testset>
        </checker>
        <interactor>
            <source path="files/interactor.cpp" type="cpp.g++"/>
            <binary path="files/interactor.exe" type="exe.win32"/>
        </interactor>
        <validators>
            <validator>
                <source path="files/validator.cpp" type="cpp.g++"/>
                <binary path="files/validator.exe" type="exe.win32"/>
                <testset>
                    <test-count>0</test-count>
                    <input-path-pattern>files/tests/validator-tests/%02d</input-path-pattern>
                    <tests/>
                </testset>
            </validator>
        </validators>
        <solutions>
            <solution tag="rejected">
                <source path="solutions/ZhNV_OK_kramer.cpp" type="cpp.g++"/>
                <binary path="solutions/ZhNV_OK_kramer.exe" type="exe.win32"/>
            </solution>
            <solution tag="rejected">
                <source path="solutions/ZhNV_WA.cpp" type="cpp.g++"/>
                <binary path="solutions/ZhNV_WA.exe" type="exe.win32"/>
            </solution>
            <solution tag="rejected">
                <source path="solutions/ZhNV_WA_long_double.cpp" type="cpp.g++"/>
                <binary path="solutions/ZhNV_WA_long_double.exe" type="exe.win32"/>
            </solution>
            <solution tag="accepted">
                <source path="solutions/mk_sol.cpp" type="cpp.g++11"/>
                <binary path="solutions/mk_sol.exe" type="exe.win32"/>
            </solution>
            <solution tag="rejected">
                <source path="solutions/nk_ok.cpp" type="cpp.g++11"/>
                <binary path="solutions/nk_ok.exe" type="exe.win32"/>
            </solution>
            <solution tag="accepted">
                <source path="solutions/nk_ok_goodeps.cpp" type="cpp.g++11"/>
                <binary path="solutions/nk_ok_goodeps.exe" type="exe.win32"/>
            </solution>
            <solution tag="rejected">
                <source path="solutions/nk_ok_int.cpp" type="cpp.g++11"/>
                <binary path="solutions/nk_ok_int.exe" type="exe.win32"/>
            </solution>
            <solution tag="wrong-answer">
                <source path="solutions/nk_wa_nocheck.cpp" type="cpp.g++11"/>
                <binary path="solutions/nk_wa_nocheck.exe" type="exe.win32"/>
            </solution>
            <solution tag="main">
                <source path="solutions/sol_pk.cpp" type="cpp.g++11"/>
                <binary path="solutions/sol_pk.exe" type="exe.win32"/>
            </solution>
        </solutions>
    </assets>
    <properties>
        <property name="tests-wellformed" value="true"/>
    </properties>
    <stresses>
        <stress-count>1</stress-count>
        <stress-path-pattern>stresses/%03d</stress-path-pattern>
        <list>
            <stress index="1" path="stresses/001"/>
        </list>
    </stresses>
    <documents>
        <document path="documents/description.txt" type="text/plain"/>
        <document path="documents/tutorial.txt" type="text/plain"/>
    </documents>
    <tags>
        <tag value="nnoi"/>
        <tag value="nnoi-2017"/>
        <tag value="nnoi-develop"/>
    </tags>
</problem>
