<?xml version="1.0" encoding="utf-8" standalone="no"?>
<problem revision="14" short-name="max-multiple" url="https://polygon.codeforces.com/p3GDKt8/pkalinin/max-multiple">
    <names>
        <name language="russian" value="Бутявочная ферма"/>
    </names>
    <statements>
        <statement charset="UTF-8" language="russian" path="statements/russian/problem.tex" type="application/x-tex"/>
        <statement language="russian" path="statements/.pdf/russian/problem.pdf" type="application/pdf"/>
        <statement charset="UTF-8" language="russian" path="statements/.html/russian/problem.html" type="text/html"/>
    </statements>
    <tutorials>
        <tutorial charset="UTF-8" language="russian" path="statements/russian/tutorial.tex" type="application/x-tex"/>
        <tutorial language="russian" path="statements/.pdf/russian/tutorial.pdf" type="application/pdf"/>
        <tutorial charset="UTF-8" language="russian" path="statements/.html/russian/tutorial.html" type="text/html"/>
    </tutorials>
    <judging cpu-name="Intel(R) Core(TM) i5-3470 CPU @ 3.20GHz" cpu-speed="3200" input-file="butyavki.in" output-file="butyavki.out">
        <testset name="tests">
            <time-limit>2000</time-limit>
            <memory-limit>67108864</memory-limit>
            <test-count>22</test-count>
            <input-path-pattern>tests/%02d</input-path-pattern>
            <answer-path-pattern>tests/%02d.a</answer-path-pattern>
            <tests>
                <test method="manual" sample="true"/>
                <test method="manual" sample="true"/>
                <test method="manual"/>
                <test method="manual"/>
                <test cmd="gen 30 4 4 4 8" method="generated"/>
                <test cmd="gen 120 7 7 20 120" method="generated"/>
                <test cmd="gen 357 40 10 10 12" method="generated"/>
                <test cmd="gen 587 100 30 60 100" method="generated"/>
                <test cmd="gen 956 700 40 300 400" method="generated"/>
                <test cmd="gen 1000 1000 40 301 1000" method="generated"/>
                <test cmd="gen 98765 30 30 10 1000" method="generated"/>
                <test cmd="gen 734 10000 5 100 200" method="generated"/>
                <test cmd="gen 100000 10000 100 3000 4000" method="generated"/>
                <test cmd="gen 99999 10000 10000 1 100000" method="generated"/>
                <test cmd="gen 1034568790 100000 1000 1 1000000000" method="generated"/>
                <test cmd="gen 947264836 50 50 1 1000000000" method="generated"/>
                <test cmd="gen 1000000456 99999 99999 1 1000000000" method="generated"/>
                <test cmd="gen 1000000467 100000 100000 3000000000 4000000000" method="generated"/>
                <test cmd="gen 600003000040000507 10 10 1 1000000000000000000" method="generated"/>
                <test cmd="gen 999999999999993689 99998 99998 100000 101000" method="generated"/>
                <test cmd="gen 999999999999993789 100000 100000 1000 1500" method="generated"/>
                <test cmd="gen 1000000000000000000 100000 100000 1000000000000000000 1000000000000000000" method="generated"/>
            </tests>
        </testset>
    </judging>
    <files>
        <resources>
            <file path="files/olymp.sty"/>
            <file path="files/problem.tex"/>
            <file path="files/statements.ftl"/>
            <file path="files/testlib.h" type="h.g++"/>
            <file path="files/tutorial.tex"/>
        </resources>
        <executables>
            <executable>
                <source path="files/checker.cpp" type="cpp.g++11"/>
                <binary path="files/checker.exe" type="exe.win32"/>
            </executable>
            <executable>
                <source path="files/gen.cpp" type="cpp.g++"/>
                <binary path="files/gen.exe" type="exe.win32"/>
            </executable>
            <executable>
                <source path="files/validator.cpp" type="cpp.g++"/>
                <binary path="files/validator.exe" type="exe.win32"/>
            </executable>
        </executables>
    </files>
    <assets>
        <checker type="testlib">
            <source path="files/checker.cpp" type="cpp.g++11"/>
            <binary path="check.exe" type="exe.win32"/>
            <copy path="check.cpp" type="cpp.g++11"/>
            <testset>
                <test-count>12</test-count>
                <input-path-pattern>files/tests/checker-tests/%02d</input-path-pattern>
                <output-path-pattern>files/tests/checker-tests/%02d.o</output-path-pattern>
                <answer-path-pattern>files/tests/checker-tests/%02d.a</answer-path-pattern>
                <tests>
                    <test verdict="ok"/>
                    <test verdict="wrong-answer"/>
                    <test verdict="wrong-answer"/>
                    <test verdict="wrong-answer"/>
                    <test verdict="wrong-answer"/>
                    <test verdict="wrong-answer"/>
                    <test verdict="wrong-answer"/>
                    <test verdict="ok"/>
                    <test verdict="ok"/>
                    <test verdict="crashed"/>
                    <test verdict="wrong-answer"/>
                    <test verdict="wrong-answer"/>
                </tests>
            </testset>
        </checker>
        <validators>
            <validator>
                <source path="files/validator.cpp" type="cpp.g++"/>
                <binary path="files/validator.exe" type="exe.win32"/>
                <testset>
                    <test-count>8</test-count>
                    <input-path-pattern>files/tests/validator-tests/%02d</input-path-pattern>
                    <tests>
                        <test verdict="valid"/>
                        <test verdict="valid"/>
                        <test verdict="valid"/>
                        <test verdict="valid"/>
                        <test verdict="invalid"/>
                        <test verdict="invalid"/>
                        <test verdict="invalid"/>
                        <test verdict="invalid"/>
                    </tests>
                </testset>
            </validator>
        </validators>
        <solutions>
            <solution tag="accepted">
                <source path="solutions/gr_ok.cpp" type="cpp.g++17"/>
                <binary path="solutions/gr_ok.exe" type="exe.win32"/>
            </solution>
            <solution tag="accepted">
                <source path="solutions/mk_ok.cpp" type="cpp.g++14"/>
                <binary path="solutions/mk_ok.exe" type="exe.win32"/>
            </solution>
            <solution tag="accepted">
                <source path="solutions/nk_ok.py" type="python.3"/>
                <binary path="solutions/nk_ok.pys3" type="pythonx.3"/>
            </solution>
            <solution tag="wrong-answer">
                <source path="solutions/nk_wa.py" type="python.3"/>
                <binary path="solutions/nk_wa.pys3" type="pythonx.3"/>
            </solution>
            <solution tag="accepted">
                <source path="solutions/sol_model.pas" type="pas.fpc"/>
                <binary path="solutions/sol_model.exe" type="exe.win32"/>
            </solution>
            <solution tag="main">
                <source path="solutions/sol_pk.py" type="python.3"/>
                <binary path="solutions/sol_pk.pys3" type="pythonx.3"/>
            </solution>
            <solution tag="rejected">
                <source path="solutions/sol_pk_ans_int.pas" type="pas.fpc"/>
                <binary path="solutions/sol_pk_ans_int.exe" type="exe.win32"/>
            </solution>
            <solution tag="rejected">
                <source path="solutions/sol_pk_int.pas" type="pas.fpc"/>
                <binary path="solutions/sol_pk_int.exe" type="exe.win32"/>
            </solution>
            <solution tag="rejected">
                <source path="solutions/sol_pk_not0.py" type="python.3"/>
                <binary path="solutions/sol_pk_not0.pys3" type="pythonx.3"/>
            </solution>
            <solution tag="rejected">
                <source path="solutions/sol_pk_onlydiv.py" type="python.3"/>
                <binary path="solutions/sol_pk_onlydiv.pys3" type="pythonx.3"/>
            </solution>
            <solution tag="rejected">
                <source path="solutions/sol_pk_subtrask1.py" type="python.3"/>
                <binary path="solutions/sol_pk_subtrask1.pys3" type="pythonx.3"/>
            </solution>
            <solution tag="rejected">
                <source path="solutions/sol_pk_subtrask2.py" type="python.3"/>
                <binary path="solutions/sol_pk_subtrask2.pys3" type="pythonx.3"/>
            </solution>
        </solutions>
    </assets>
    <properties>
        <property name="tests-wellformed" value="true"/>
    </properties>
    <stresses>
        <stress-count>0</stress-count>
        <stress-path-pattern>stresses/%03d</stress-path-pattern>
        <list/>
    </stresses>
    <documents>
        <document path="documents/description.txt" type="text/plain"/>
    </documents>
    <tags>
        <tag value="nnoi"/>
        <tag value="nnoi-develop"/>
        <tag value="nnoi2018"/>
    </tags>
</problem>
