<?xml version="1.0" encoding="utf-8" standalone="no"?>
<problem revision="19" short-name="string-dist" url="https://polygon.codeforces.com/p/pkalinin/string-dist">
    <names>
        <name language="russian" value="Спасение любви"/>
    </names>
    <statements>
        <statement charset="UTF-8" language="russian" path="statements/russian/problem.tex" type="application/x-tex"/>
        <statement language="russian" path="statements/.pdf/russian/problem.pdf" type="application/pdf"/>
        <statement charset="UTF-8" language="russian" path="statements/.html/russian/problem.html" type="text/html"/>
    </statements>
    <tutorials>
        <tutorial charset="UTF-8" language="russian" path="statements/russian/tutorial.tex" type="application/x-tex"/>
        <tutorial language="russian" path="statements/.pdf/russian/tutorial.pdf" type="application/pdf"/>
        <tutorial charset="UTF-8" language="russian" path="statements/.html/russian/tutorial.html" type="text/html"/>
    </tutorials>
    <judging cpu-name="Intel(R) Core(TM) i5-3470 CPU @ 3.20GHz" cpu-speed="3200" input-file="" output-file="">
        <testset name="tests">
            <time-limit>2000</time-limit>
            <memory-limit>268435456</memory-limit>
            <test-count>32</test-count>
            <input-path-pattern>tests/%02d</input-path-pattern>
            <answer-path-pattern>tests/%02d.a</answer-path-pattern>
            <tests>
                <test method="manual" sample="true"/>
                <test method="manual" sample="true"/>
                <test cmd="gen_n_k 1 -1" method="generated"/>
                <test cmd="gen_n_k 2 -1" method="generated"/>
                <test cmd="gen_n_k 3 2 0" method="generated"/>
                <test cmd="gen_n_k 3 2 1" method="generated"/>
                <test cmd="gen_n_k 10 6 0" method="generated"/>
                <test cmd="gen_n_k 10 6 1" method="generated"/>
                <test cmd="gen_trees_n 15 0" method="generated"/>
                <test cmd="gen_trees_n 15 1 | amplifier 500" method="generated"/>
                <test cmd="gen_n_k 100 -1 0" method="generated"/>
                <test cmd="gen_n_k 100 -1 1" method="generated"/>
                <test cmd="gen_cycle_d 3" method="generated"/>
                <test cmd="gen_cycle_d 15 | amplifier 1000" method="generated"/>
                <test cmd="gen_cycle_d 26 | amplifier 100000" method="generated"/>
                <test cmd="gen_cliques 0" method="generated"/>
                <test cmd="gen_cliques 1 | amplifier 10000" method="generated"/>
                <test cmd="gen_cliques 2 | amplifier 30000" method="generated"/>
                <test cmd="gen_ans 0" method="generated"/>
                <test cmd="gen_ans 1" method="generated"/>
                <test cmd="gen_ans 2 | amplifier 300" method="generated"/>
                <test cmd="gen_ans 13 | amplifier 1000" method="generated"/>
                <test cmd="gen_ans 20 | amplifier 10000" method="generated"/>
                <test cmd="gen_ans 25 | amplifier 100000" method="generated"/>
                <test cmd="gen_n_k 1000 -1 0" method="generated"/>
                <test cmd="gen_n_k 3000 -1 1" method="generated"/>
                <test cmd="gen_n_k 10000 -1 0" method="generated"/>
                <test cmd="gen_n_k 30000 2 2" method="generated"/>
                <test cmd="gen_n_k 100000 5 2" method="generated"/>
                <test cmd="gen_n_k 99999 10 2" method="generated"/>
                <test cmd="gen_ans 15 | amplifier 100000" method="generated"/>
                <test cmd="gen_ans 10 | amplifier 99999" method="generated"/>
            </tests>
        </testset>
    </judging>
    <files>
        <resources>
            <file path="files/olymp.sty"/>
            <file path="files/problem.tex"/>
            <file path="files/statements.ftl"/>
            <file path="files/testlib.h" type="h.g++"/>
            <file path="files/tutorial.tex"/>
        </resources>
        <executables>
            <executable>
                <source path="files/amplifier.cpp" type="cpp.g++"/>
                <binary path="files/amplifier.exe" type="exe.win32"/>
            </executable>
            <executable>
                <source path="files/checker.cpp" type="cpp.g++11"/>
                <binary path="files/checker.exe" type="exe.win32"/>
            </executable>
            <executable>
                <source path="files/gen_ans.cpp" type="cpp.g++"/>
                <binary path="files/gen_ans.exe" type="exe.win32"/>
            </executable>
            <executable>
                <source path="files/gen_cliques.cpp" type="cpp.g++"/>
                <binary path="files/gen_cliques.exe" type="exe.win32"/>
            </executable>
            <executable>
                <source path="files/gen_cycle_d.cpp" type="cpp.g++"/>
                <binary path="files/gen_cycle_d.exe" type="exe.win32"/>
            </executable>
            <executable>
                <source path="files/gen_n_k.cpp" type="cpp.g++"/>
                <binary path="files/gen_n_k.exe" type="exe.win32"/>
            </executable>
            <executable>
                <source path="files/gen_trees_n.cpp" type="cpp.g++"/>
                <binary path="files/gen_trees_n.exe" type="exe.win32"/>
            </executable>
            <executable>
                <source path="files/validator.cpp" type="cpp.g++11"/>
                <binary path="files/validator.exe" type="exe.win32"/>
            </executable>
        </executables>
    </files>
    <assets>
        <checker type="testlib">
            <source path="files/checker.cpp" type="cpp.g++11"/>
            <binary path="check.exe" type="exe.win32"/>
            <copy path="check.cpp" type="cpp.g++11"/>
            <testset>
                <test-count>4</test-count>
                <input-path-pattern>files/tests/checker-tests/%02d</input-path-pattern>
                <output-path-pattern>files/tests/checker-tests/%02d.o</output-path-pattern>
                <answer-path-pattern>files/tests/checker-tests/%02d.a</answer-path-pattern>
                <tests>
                    <test verdict="ok"/>
                    <test verdict="wrong-answer"/>
                    <test verdict="wrong-answer"/>
                    <test verdict="wrong-answer"/>
                </tests>
            </testset>
        </checker>
        <validators>
            <validator>
                <source path="files/validator.cpp" type="cpp.g++11"/>
                <binary path="files/validator.exe" type="exe.win32"/>
                <testset>
                    <test-count>7</test-count>
                    <input-path-pattern>files/tests/validator-tests/%02d</input-path-pattern>
                    <tests>
                        <test verdict="valid"/>
                        <test verdict="valid"/>
                        <test verdict="invalid"/>
                        <test verdict="invalid"/>
                        <test verdict="invalid"/>
                        <test verdict="invalid"/>
                        <test verdict="invalid"/>
                    </tests>
                </testset>
            </validator>
        </validators>
        <solutions>
            <solution tag="main">
                <source path="solutions/OK.cpp" type="cpp.g++11"/>
                <binary path="solutions/OK.exe" type="exe.win32"/>
            </solution>
            <solution tag="accepted">
                <source path="solutions/OK_2.cpp" type="cpp.g++11"/>
                <binary path="solutions/OK_2.exe" type="exe.win32"/>
            </solution>
            <solution tag="wrong-answer">
                <source path="solutions/dist_mm_dfs_direct_graph.cpp" type="cpp.g++"/>
                <binary path="solutions/dist_mm_dfs_direct_graph.exe" type="exe.win32"/>
            </solution>
            <solution tag="wrong-answer">
                <source path="solutions/dist_mm_floyd_direct_graph.cpp" type="cpp.g++"/>
                <binary path="solutions/dist_mm_floyd_direct_graph.exe" type="exe.win32"/>
            </solution>
            <solution tag="accepted">
                <source path="solutions/dist_mm_floyd_ok.cpp" type="cpp.g++"/>
                <binary path="solutions/dist_mm_floyd_ok.exe" type="exe.win32"/>
            </solution>
            <solution tag="accepted">
                <source path="solutions/dist_mm_ok.cpp" type="cpp.g++"/>
                <binary path="solutions/dist_mm_ok.exe" type="exe.win32"/>
            </solution>
            <solution tag="accepted">
                <source path="solutions/gr_ok.cpp" type="cpp.g++17"/>
                <binary path="solutions/gr_ok.exe" type="exe.win32"/>
            </solution>
            <solution tag="accepted">
                <source path="solutions/mk_ok.cpp" type="cpp.g++17"/>
                <binary path="solutions/mk_ok.exe" type="exe.win32"/>
            </solution>
            <solution tag="accepted">
                <source path="solutions/nk_ok.py" type="python.3"/>
                <binary path="solutions/nk_ok.pys3" type="pythonx.3"/>
            </solution>
            <solution tag="rejected">
                <source path="solutions/stupid_brute_masks.cpp" type="cpp.g++11"/>
                <binary path="solutions/stupid_brute_masks.exe" type="exe.win32"/>
            </solution>
            <solution tag="rejected">
                <source path="solutions/upgrated_brute_masks.cpp" type="cpp.g++11"/>
                <binary path="solutions/upgrated_brute_masks.exe" type="exe.win32"/>
            </solution>
            <solution tag="accepted">
                <source path="solutions/ve_ok.cpp" type="cpp.g++17"/>
                <binary path="solutions/ve_ok.exe" type="exe.win32"/>
            </solution>
            <solution tag="wrong-answer">
                <source path="solutions/wa.cpp" type="cpp.g++11"/>
                <binary path="solutions/wa.exe" type="exe.win32"/>
            </solution>
            <solution tag="wrong-answer">
                <source path="solutions/wa_to_one_letter.cpp" type="cpp.g++11"/>
                <binary path="solutions/wa_to_one_letter.exe" type="exe.win32"/>
            </solution>
        </solutions>
    </assets>
    <properties>
        <property name="tests-wellformed" value="true"/>
    </properties>
    <stresses>
        <stress-count>0</stress-count>
        <stress-path-pattern>stresses/%03d</stress-path-pattern>
        <list/>
    </stresses>
    <documents>
        <document path="documents/description.txt" type="text/plain"/>
    </documents>
    <tags>
        <tag value="components"/>
        <tag value="dfs"/>
        <tag value="easy"/>
        <tag value="nnoi"/>
        <tag value="nnoi-develop"/>
        <tag value="nnoi2018"/>
        <tag value="strings"/>
    </tags>
</problem>
