{"scoring":"Тесты, в которых в правильном ответе котлету нужно переворачивать не более двух раз, или Аркадий не может пожарить котлету требуемым образом, имеют суммарную стоимость не менее $30$ баллов.\r\n\r\nТесты, в которых $n \\le 1000$, имеют суммарную стоимость не менее $40$ баллов.","notes":"В первом примере котлету нужно перевернуть в моменты времени $3$ секунды после начала и $13$ секунд после начала.\r\n\r\nВо втором примере котлету можно перевернуть, как и написано на упаковке, через $10$ секунд после начала.","legend":"Аркадий хочет обедать. Он только что вернулся из магазина, где приобрел полуфабрикат~--- котлету, которую осталось только поджарить. Надпись на упаковке гласит, что котлету нужно жарить на сковороде на умеренном огне ровно $2n$ секунд, причем сначала нужно ровно $n$ секунд жарить котлету на одной стороне, а затем ровно $n$ секунд~--- на другой. Аркадий уже нашел сковороду и зажег умеренный огонь, но тут осознал, что, возможно, у него не получится перевернуть котлету ровно через $n$ секунд после начала готовки.\r\n\r\nАркадий слишком занят расстановкой по порядку наборов стикеров в своем любимом мессенджере, и может отвлечься на переворот котлеты только в определенные моменты времени. А именно, есть $k$ промежутков времени, в которые он может это сделать, $i$-й из них~--- это отрезок времени с $l_i$ секунд от начала готовки до $r_i$ секунд до начала готовки, включительно. Аркадий решил, что не обязательно переворачивать котлету ровно в середине готовки, вместо этого, он перевернет ее несколько раз таким образом, чтобы суммарно котлета провела $n$ секунд на одной стороне и $n$ секунд на другой.\r\n\r\nПомогите Аркадию, узнайте, может ли он выполнить свой план, если он может переворачивать котлету только в указанные отрезки времени, и если да, то какое минимальное число раз ему придется перевернуть котлету.","authorLogin":"pkalinin","language":"russian","timeLimit":2000,"output":"Выведите в единственную строку <<\\t{Hungry}>>, если Аркадий не может пожарить котлету ровно $n$ секунд на одной стороне и ровно $n$ секунд на другой.\r\n\r\nВ противном случае, выведите в первую строку <<\\t{Full}>>, а во вторую~--- минимальное количество раз, которое ему необходимо перевернуть котлету.","inputFile":"stdin","outputFile":"stdout","input":"Первая строка содержит два целых числа $n$ и $k$ ($1 \\le n \\le 500\\,000$, $1 \\le k \\le 100$)~--- число секунд, которое котлета должна жариться с каждой из сторон, и число промежутков времени, когда Аркадий может ее переворачивать.\r\n\r\nСледующие $k$ строк содержат описания этих промежутков. Каждая строка содержит два целых числа $l_i$ и $r_i$ ($0 \\le l_i \\le r_i \\le 2 \\cdot n$), что означает, что Аркадий может перевернуть котлету в любой момент времени, начиная с $l_i$ секунд от начала готовки и заканчивая $r_i$ секундами от начала готовки, включительно. В частности, если $l_i = r_i$, то Аркадий может перевернуть котлету в момент времени $l_i = r_i$. Гарантируется, что $l_i > r_{i - 1}$ для всех $2 \\le i \\le k$.","authorName":"Petr Kalinin","sampleTests":[{"output":"Full\r\n2\r\n","input":"10 2\r\n3 5\r\n11 13\r\n"},{"output":"Full\r\n1\r\n","input":"10 3\r\n3 5\r\n9 10\r\n11 13\r\n"},{"output":"Hungry\r\n","input":"20 1\r\n3 19\r\n"}],"name":"Котлета","interaction":null,"memoryLimit":268435456,"tutorial":"Для получения $30$ баллов достаточно заметить, что, если возможно пожарить котлету за один переворот, то ее нужно перевернуть в момент времени $n$ секунд с начала готовки. Легко проверить, возможен ли такой переворот, проверив каждый отрезок отдельно. Чтобы проверить, можно ли приготовить котлету за два переворота, заметим, что для этого надо сделать перевороты в момент времени $x$ и $x + n$ секунд с начала, где $0 < x < n$. Также заметим, что эти перевороты должны соответствовать различным отрезкам времени, когда Аркадий свободен, так как в обратном случае можно было бы пожарить котлету за один переворот. Таким образом, достаточно перебрать все пары отрезков, когда Андрей свободен, перенести более поздний отрезок на $n$ секунд раньше и проверить, что пересечение с более ранним отрезком не пусто. Если же котлету нельзя пожарить ни за один переворот, ни за два, то нужно вывести <<\\t{Hungry}>>.\r\n\r\nДля получения $40$ баллов необходимо воспользоваться методом динамического программирования. Решим следующую подзадачу: пусть прошло $t$ секунд с момента начала готовки, при этом из них $t_0$ секунд котлета жарилась на той стороне, на которой она лежит сейчас; какое минимальное число переворотов необходимо, чтобы достичь такой ситуации? Это легко определить, используя ответы для подзадач $(t - 1, t_0)$, $(t - 1, t_0 - 1)$, в которых котлета лежит на той же стороне, и $(t - 1, t - 1 - t_0)$ и $(t - 1, t - t_0)$, в которых котлета лежит на другой стороне. Необходимо аккуратно учесть, какие переходы возможны с учетом занятости Аркадия, а также сколько переворотов котлеты необходимо для каждого перехода. Итоговая асимптотика $O(n^2)$.\r\n\r\nДля полного решения необходимо рассматривать только моменты времени, соответствующие началу очередного отрезка, когда Аркадий свободен, т.~к. между такими моментами времени можно делать максимум два переворота котлеты, в противном случае результат точно не будет оптимальным. Тогда окажется, что для того, чтобы посчитать ответ для подзадачи $(t = l_i, t_0)$, достаточно вычислить минимальный из ответов среди подзадач $(t' = l_{i - 1}, t'_0)$, где $t'$ \"--- время начала предыдущего отрезка \"--- фиксировано, а $t'_0$ изменяется на нескольких отрезках времени, границы которых зависят от числа переворотов котлеты в промежутке от $l_{i - 1}$ до $l_i$ секунд, а также параметров $l_{i - 1}$, $r_{i - 1}$, $l_i$, $t_0$. Для эффективного вычисления такого минимума можно использовать очередь минимумов, так как границы отрезка увеличиваются с увеличением $t_0$. Итоговая асимптотика $O(nk)$. Стоит отметить, что существуют решения, в которых очередь минимумов заменена на какую-нибудь другую структуру данных, например, дерево Фенвика, дерево отрезков или разреженные таблицы, однако, такие решения имеют асимптотику $O(nk\\log{(n)})$, и с ними достаточно сложно получить полный балл."}