<?xml version="1.0" encoding="utf-8" standalone="no"?>
<problem revision="18" short-name="divide-to-three" url="https://polygon.codeforces.com/p/pkalinin/divide-to-three">
    <names>
        <name language="russian" value="Честный дележ"/>
    </names>
    <statements>
        <statement charset="UTF-8" language="russian" path="statements/russian/problem.tex" type="application/x-tex"/>
        <statement language="russian" path="statements/.pdf/russian/problem.pdf" type="application/pdf"/>
        <statement charset="UTF-8" language="russian" path="statements/.html/russian/problem.html" type="text/html"/>
    </statements>
    <tutorials>
        <tutorial charset="UTF-8" language="russian" path="statements/russian/tutorial.tex" type="application/x-tex"/>
        <tutorial language="russian" path="statements/.pdf/russian/tutorial.pdf" type="application/pdf"/>
        <tutorial charset="UTF-8" language="russian" path="statements/.html/russian/tutorial.html" type="text/html"/>
    </tutorials>
    <judging cpu-name="Intel(R) Core(TM) i5-3470 CPU @ 3.20GHz" cpu-speed="3200" input-file="" output-file="">
        <testset name="tests">
            <time-limit>2000</time-limit>
            <memory-limit>268435456</memory-limit>
            <test-count>24</test-count>
            <input-path-pattern>tests/%02d</input-path-pattern>
            <answer-path-pattern>tests/%02d.a</answer-path-pattern>
            <tests>
                <test method="manual" sample="true"/>
                <test cmd="gen 5 5 0" method="generated"/>
                <test cmd="gen 5 5 1" method="generated"/>
                <test cmd="gen 5 5 2" method="generated"/>
                <test cmd="gen 5 100 0" method="generated"/>
                <test cmd="gen 5 100 1" method="generated"/>
                <test cmd="gen 5 100 2" method="generated"/>
                <test cmd="gen -1 -1 1" method="generated"/>
                <test cmd="gen -1 -1 2" method="generated"/>
                <test cmd="gen -1 -1 3" method="generated"/>
                <test cmd="gen -1 -1 4" method="generated"/>
                <test cmd="gen -1 -1 5" method="generated"/>
                <test cmd="gen_max_limits 1" method="generated"/>
                <test cmd="gen_max_limits 2" method="generated"/>
                <test cmd="gen_max_limits 3" method="generated"/>
                <test cmd="gen_max_limits 4" method="generated"/>
                <test cmd="gen_max_limits 5" method="generated"/>
                <test cmd="gen_abs_max_limits" method="generated"/>
                <test cmd="gen_one_person -1 -1 0" method="generated"/>
                <test cmd="gen_one_person -1 -1 1" method="generated"/>
                <test cmd="gen_one_person -1 -1 2" method="generated"/>
                <test cmd="gen_equal_wastes 0" method="generated"/>
                <test cmd="gen_equal_wastes 1" method="generated"/>
                <test cmd="gen_equal_wastes 2" method="generated"/>
            </tests>
        </testset>
    </judging>
    <files>
        <resources>
            <file path="files/olymp.sty"/>
            <file path="files/problem.tex"/>
            <file path="files/statements.ftl"/>
            <file path="files/testlib.h" type="h.g++"/>
            <file path="files/tutorial.tex"/>
        </resources>
        <executables>
            <executable>
                <source path="files/checker.cpp" type="cpp.g++"/>
                <binary path="files/checker.exe" type="exe.win32"/>
            </executable>
            <executable>
                <source path="files/gen.cpp" type="cpp.g++"/>
                <binary path="files/gen.exe" type="exe.win32"/>
            </executable>
            <executable>
                <source path="files/gen_abs_max_limits.cpp" type="cpp.g++"/>
                <binary path="files/gen_abs_max_limits.exe" type="exe.win32"/>
            </executable>
            <executable>
                <source path="files/gen_equal_wastes.cpp" type="cpp.g++11"/>
                <binary path="files/gen_equal_wastes.exe" type="exe.win32"/>
            </executable>
            <executable>
                <source path="files/gen_max_limits.cpp" type="cpp.g++"/>
                <binary path="files/gen_max_limits.exe" type="exe.win32"/>
            </executable>
            <executable>
                <source path="files/gen_one_person.cpp" type="cpp.g++"/>
                <binary path="files/gen_one_person.exe" type="exe.win32"/>
            </executable>
            <executable>
                <source path="files/validator.cpp" type="cpp.g++11"/>
                <binary path="files/validator.exe" type="exe.win32"/>
            </executable>
        </executables>
    </files>
    <assets>
        <checker type="testlib">
            <source path="files/checker.cpp" type="cpp.g++"/>
            <binary path="check.exe" type="exe.win32"/>
            <copy path="check.cpp" type="cpp.g++"/>
            <testset>
                <test-count>5</test-count>
                <input-path-pattern>files/tests/checker-tests/%02d</input-path-pattern>
                <output-path-pattern>files/tests/checker-tests/%02d.o</output-path-pattern>
                <answer-path-pattern>files/tests/checker-tests/%02d.a</answer-path-pattern>
                <tests>
                    <test verdict="ok"/>
                    <test verdict="presentation-error"/>
                    <test verdict="wrong-answer"/>
                    <test verdict="wrong-answer"/>
                    <test verdict="wrong-answer"/>
                </tests>
            </testset>
        </checker>
        <validators>
            <validator>
                <source path="files/validator.cpp" type="cpp.g++11"/>
                <binary path="files/validator.exe" type="exe.win32"/>
                <testset>
                    <test-count>11</test-count>
                    <input-path-pattern>files/tests/validator-tests/%02d</input-path-pattern>
                    <tests>
                        <test verdict="valid"/>
                        <test verdict="valid"/>
                        <test verdict="invalid"/>
                        <test verdict="invalid"/>
                        <test verdict="invalid"/>
                        <test verdict="invalid"/>
                        <test verdict="invalid"/>
                        <test verdict="valid"/>
                        <test verdict="invalid"/>
                        <test verdict="valid"/>
                        <test verdict="invalid"/>
                    </tests>
                </testset>
            </validator>
        </validators>
        <solutions>
            <solution tag="main">
                <source path="solutions/OK.cpp" type="cpp.g++"/>
                <binary path="solutions/OK.exe" type="exe.win32"/>
            </solution>
            <solution tag="presentation-error">
                <source path="solutions/brute.cpp" type="cpp.g++"/>
                <binary path="solutions/brute.exe" type="exe.win32"/>
            </solution>
            <solution tag="accepted">
                <source path="solutions/gr_ok.cpp" type="cpp.g++17"/>
                <binary path="solutions/gr_ok.exe" type="exe.win32"/>
            </solution>
            <solution tag="presentation-error">
                <source path="solutions/intellectual_brute.cpp" type="cpp.g++"/>
                <binary path="solutions/intellectual_brute.exe" type="exe.win32"/>
            </solution>
            <solution tag="accepted">
                <source path="solutions/mk_ok.cpp" type="cpp.g++14"/>
                <binary path="solutions/mk_ok.exe" type="exe.win32"/>
            </solution>
            <solution tag="accepted">
                <source path="solutions/nk_ok.py" type="python.3"/>
                <binary path="solutions/nk_ok.pys3" type="pythonx.3"/>
            </solution>
            <solution tag="accepted">
                <source path="solutions/three_mm_ac.cpp" type="cpp.g++"/>
                <binary path="solutions/three_mm_ac.exe" type="exe.win32"/>
            </solution>
            <solution tag="accepted">
                <source path="solutions/three_mm_doubles.cpp" type="cpp.g++"/>
                <binary path="solutions/three_mm_doubles.exe" type="exe.win32"/>
            </solution>
            <solution tag="presentation-error">
                <source path="solutions/three_mm_doubles_out.cpp" type="cpp.g++"/>
                <binary path="solutions/three_mm_doubles_out.exe" type="exe.win32"/>
            </solution>
            <solution tag="rejected">
                <source path="solutions/three_mm_to_long.cpp" type="cpp.g++"/>
                <binary path="solutions/three_mm_to_long.exe" type="exe.win32"/>
            </solution>
            <solution tag="wrong-answer">
                <source path="solutions/three_mm_wa.cpp" type="cpp.g++"/>
                <binary path="solutions/three_mm_wa.exe" type="exe.win32"/>
            </solution>
        </solutions>
    </assets>
    <properties>
        <property name="tests-wellformed" value="true"/>
    </properties>
    <stresses>
        <stress-count>0</stress-count>
        <stress-path-pattern>stresses/%03d</stress-path-pattern>
        <list/>
    </stresses>
    <documents>
        <document path="documents/description.txt" type="text/plain"/>
        <document path="documents/tutorial.txt" type="text/plain"/>
    </documents>
    <tags>
        <tag value="easy"/>
        <tag value="implementation"/>
        <tag value="nnoi"/>
        <tag value="nnoi-develop"/>
        <tag value="nnoi2018"/>
        <tag value="simple math"/>
    </tags>
</problem>
