{"scoring":null,"notes":"В первом примере достаточно купить два заклинания: (<<\\t{a}>>,<<\\t{d}>>) и (<<\\t{b}>>,<<\\t{a}>>). Тогда первые буквы совпадут, когда мы поменяем букву <<\\t{a}>> на <<\\t{d}>>. Вторые совпадут, когда поменяем <<\\t{b}>> на <<\\t{a}>>. Третьи совпадут, когда поменяем сначала <<\\t{b}>> на <<\\t{a}>>, потом <<\\t{a}>> на <<\\t{d}>>.","legend":"Валя и Толя --- идеальная пара, но даже у них бывают ссоры.\r\nНедавно Валя обиделась на своего кавалера, так как он пришел к ней в футболке, надпись на которой отличается от надписи на ее свитере.\r\nТеперь она не хочет с ним видеться, а Толя сидит целыми днями в своей комнате и плачет над ее фотографиями.\r\n\r\nЭта история так и осталась бы такой печальной, если бы в нее не вмешалась добрая швея-волшебница (бабушка Толи). \r\nЕе сердце разрывается, когда она видит молодых людей в ссоре, и поэтому она срочно хочет все исправить. \r\nБабушка уже тайно забрала Валин свитер и Толину футболку, осталось только сделать надписи на них одинаковыми. \r\nДля этого она может за одну единицу маны купить заклинание, которое позволяет менять некоторые буквы на одежде. \r\nВаша задача --- рассчитать, какое минимальное количество маны придется потратить бабушке Толи для спасения любви молодых людей.\r\n\r\nБолее формально, надписи на Валином свитере и Толиной футболке --- это две строчки одинаковой длины $n$, состоящие только из строчных букв латинского алфавита. \r\nЗа одну единицу маны бабушка может купить заклинание вида $(c_1, c_2)$ (где $c_1$ и $c_2$ --- произвольные строчные буквы латинского алфавита), с помощью которого она может сколько  угодно раз менять букву $c_1$ на $c_2$ (и наоборот) как на Валином свитере, так и на Толиной футболке. Вам требуется найти минимальное количество маны, позволяющее приобрести набор заклинаний, с помощью которого можно сделать надписи одинаковыми. Также вам необходимо вывести соответствующий набор заклинаний.","authorLogin":"pkalinin","language":"russian","timeLimit":2000,"output":"В первой строке выведите одно целое число --- минимальное количество маны $t$ для спасения любви молодых.\r\n\r\nВ следующих $t$ строках выведите по две строчные буквы латинского алфавита через пробел --- заклинания, которые нужно приобрести бабушке Толи. Заклинания и буквы в заклинаниях можно выводить в любом порядке.\r\n\r\nЕсли оптимальных ответов несколько, выведите любой.","inputFile":"stdin","outputFile":"stdout","input":"В первой строке дано единственное число $n$ --- длина надписей ($1 \\le n \\le 10^{5}$).\r\n\r\nВо второй строке дана строка длины $n$, состоящая только из маленьких букв латинского алфавита --- надпись на Валином свитере.\r\n\r\nВ третьей строке в таком же формате задана надпись на Толиной футболке.","authorName":"Petr Kalinin","sampleTests":[{"output":"2\r\na d\r\nb a","input":"3\r\nabb\r\ndad\r\n"},{"output":"7\r\nl e\r\ne d\r\nd c\r\nc p\r\np o\r\no r\r\nr a\r\n","input":"8\r\ndrpepper\r\ncocacola\r\n"}],"name":"Спасение любви","interaction":null,"memoryLimit":268435456,"tutorial":"Рассмотрим граф на 26 буквах английского алфавита.\r\nКогда мы покупаем заклинание вида $(c_1,c_2)$, проведем неориентированное ребро между вершинами $c_1$ и $c_2$. \r\nТеперь нетрудно понять, что мы можем поменять символ $a$ на символ $b$ тогда и только тогда, когда в этом графе существует путь между этими символами.\r\nПоэтому наша задача --- построить минимальное количество ребер, чтобы символы $s_1[i]$ и $s_2[i]$ были в одной компоненте связности для любого $i$ (здесь $s_1$ и $s_2$ --- данные строки).\r\n\r\nТеперь возьмем пустой граф на 26 буквах английского алфавита и проведем ребра между $s_1[i]$ и $s_2[i]$ для всех $i$.\r\nЭти ребра, как мы уже выяснили, задают ограничения на символы (то есть они говорят, что соединенные ребром символы обязаны лежать в одной компоненте связности в искомом графе заклинаний).\r\nПосчитаем в этом графе количество компонент связности --- пусть это $k$.\r\nРассмотрим одну компоненту связности, пусть ее размер $x_i$. Заметим, что купленные нами заклинания должны соединять все эти вершины в одну компоненту. Известно, что для этого нужно хотя бы $x_i-1$ ребер, подходящим набором ребер является любое остовное дерево этой компоненты связности.\r\nТогда суммарно нам нужно не меньше, чем $\\sum_{i=1}^k (x_i - 1)=\\sum_{i=1}^k x_i - k = n - k$ ребер. Это и есть ответ на задачу.\r\n"}