{"scoring":null,"notes":"В первом примере из условия $k=2$ и дома у Оли есть три пакета со сроками годности $0$, $1$ и $1$ (т.~е. истекающими сегодня, завтра и завтра), а в магазине есть $3$ пакета со сроком годности $0$ и $3$ пакета со сроком годности $2$. Оля может купить три пакета, например, один со сроком годности $0$ и два со сроком годности $2$.\r\n\r\nВо втором примере все три уже имеющихся пакета имеют срок годности, оканчивающийся сегодня, и поэтому Оля не успеет их выпить вне зависимости от того, возьмет ли она еще один пакет в магазине или нет.\r\n","legend":"Маленькая девочка Оля очень любит кефир. Каждый день она выпивает ровно $k$ пакетов кефира. Но есть одна проблема: сроки годности. На каждом пакете написан день, позже которого этот пакет пить нельзя (ровно в этот день еще можно). Поэтому если в холодильнике у Оли в какой-то момент оказывается просроченный пакет, она его выкидывает.\r\n\r\nОля очень не любит выкидывать пакеты с кефиром, поэтому она применяет следующую стратегию: каждый раз, когда надо выпить очередной пакет, она выбирает тот, у которого срок годности заканчивается раньше всего. Несложно видеть, что эта стратегия минимизирует количество выкинутых пакетов и, в частности, позволяет обойтись без выкидывания, если это вообще возможно.\r\n\r\n\\begin{center}\r\n\\includegraphics[width=0.7\\linewidth,bb=0 0 1000 773]{best-before_vec.png}\r\n\\end{center}\r\n\r\nНо основная проблема, с которой столкнулась Оля, \"--- это покупка нового кефира. Сейчас у Оли в холодильнике есть $n$ пакетов кефира, про каждый известен его срок годности (через сколько дней он заканчивается). Оля пришла в магазин, и там есть $m$ пакетов кефира, про каждый тоже известен его срок годности.\r\n\r\nОпределите, какое максимальное количество пакетов может купить Оля так, чтобы потом не пришлось ничего выбрасывать. Считайте, что Оля сегодня еще не пила ни одного пакета кефира.\r\n\r\n\r\n\r\n","authorLogin":"pkalinin","language":"russian","timeLimit":2000,"output":"Если в любом случае Оля не сможет выпить даже уже имеющиеся у нее пакеты, выведите ровно одно число $-1$.\r\n\r\nИначе в первой строке выведите максимальное количество пакетов $x$, которые Оля может купить так, чтобы ничего не выбрасывать. В следующей строке выведите ровно $x$ чисел \"--- номера пакетов, которые следует взять (пакеты нумеруются в том порядке, в котором они заданы во входном файле, начинается с $1$). Естественно, числа не должны повторяться, однако могут идти в произвольном порядке. Если существует несколько подходящих наборов, разрешается вывести любой.\r\n","inputFile":"stdin","outputFile":"stdout","input":"В первой строке находятся три целых числа $n$, $m$, $k$ ($1 \\leq n, m \\leq 10^6$, $1 \\leq k \\leq n+m$) \"--- число пакетов кефира у Оли в холодильнике, число пакетов кефира в магазине и сколько пакетов выпивает Оля каждый день.\r\n\r\nВо второй строке находятся $n$ целых чисел $f_1, f_2, \\ldots, f_n$ ($0 \\le f_i \\le 10^7$) \"--- сроки годности пакетов кефира, которые уже есть у Оли в холодильнике. Срок годности выражается числом дней, на которые еще можно отложить употребление этого пакета. Таким образом, срок годности $0$ означает, что пакет нужно выпить сегодня, $1$ \"--- что не позже завтра, и так далее.\r\n\r\nНаконец, в третьей строке находятся $m$ целых чисел $s_1, s_2, \\ldots, s_m$ ($0 \\le s_i \\le 10^7$) \"--- сроки годности пакетов, которые есть в магазине, в аналогичном формате.","authorName":"Petr Kalinin","sampleTests":[{"output":"3\r\n1 2 3","input":"3 6 2\r\n1 0 1\r\n2 0 2 0 0 2\r\n"},{"output":"-1","input":"3 1 2\r\n0 0 0\r\n1\r\n"}],"name":"Кефир","interaction":null,"memoryLimit":268435456,"tutorial":"Обозначим за $t$ максимальный срок годности, который встречается во входных данных. Сначала приведем решение за $O(tm)$.\r\n\r\nКлючевое наблюдение, которое нужно сделать: если мы зафиксируем число взятых пакетов $x$, то, если мы можем взять некоторые $x$ пакетов из магазина и ничего не выбросить, то точно можно взять $x$ пакетов с наибольшими сроками годности из имеющихся, и тоже выбрасывать ничего не придется. Это так, потому что если увеличить у некоторых взятых пакетов срок годности при фиксированном распределении пакетов по дням, то это распределение останется корректным.\r\n\r\nТеперь для произвольного числа $x$ научимся проверять, правда ли, что взяв $x$ пакетов из магазина с наибольшими сроками годности, можно будет составить корректное распределение пакетов по дням. Для этого достаточно для каждого дня $i$ от $0$ до $t$ проверить, что количество пакетов со сроками годности $\\leq i$ (как исходных, так и взятых из магазина) не больше $(i+1)k$. \r\n\r\nПереберем число $x$ от $m$ до $0$, как только для текущего $x$ проверка проходит успешно, выводим ответ из $x$ пакетов с наибольшими сроками годности. Заметим, что для определения номеров этих пакетов не нужно сортировать $s_i$, а достаточно использовать сортировку подсчетом, т.к. по условию $s_i \\leq 10^7$. Таким образом, у нас получилось решение за $O(tm)$, т.к. в худшем случае мы сделаем $m+1$ проверку за $O(t)$.\r\n\r\nЧтобы получить полное решение задачи, остается заменить перебор $x$ на бинарный поиск. Если $z$ \"--- ответ на задачу, то для всех $x$ от $0$ до $z$ проверка будет пройдена успешно, а для $x>z$ нет; этой монотонности достаточно, чтобы бинарный поиск по значению $x$ работал корректно. Получаем решение за $O(tlogm)$ на полный балл."}