{"scoring":null,"notes":"В первом примере ловил рыбу только Коля.\r\nОдин из вариантов честного дележа такой: Коля отдает Мише 2 рыбы, потом Миша отдает Владу 1 рыбу.\r\n","legend":"Трое друзей отправились на рыбалку.\r\nОни беззаботно ловили рыбу, наслаждаясь природой и хорошей компанией.\r\n\r\nНо вот подошла к концу совместная поездка, и стало понятно, что кто-то поймал больше, а кто-то меньше. Один из друзей, поймавший меньше всех, неожиданно заявил, что если он приедет домой с такими результатами, то его жена, объявив его жалким неудачником, уйдет от него.\r\nПоэтому было решено разделить весь улов на троих.\r\nВам надо придумать, как организовать обмен рыбы между друзьями, чтобы все в итоге вернулись домой с одинаковым уловом.\r\n\r\nБолее формально, вам дан список из $n$ попыток друзей поймать рыбу. Для каждой попытки известно, кто пытался поймать рыбу, и сколько он рыб он вытащил (в штуках).\r\nВам требуется вывести таблицу размера 3 на 3, где на $j$-м месте в $i$-й строке будет находиться число $a_{i,j}$, указывающее, сколько рыб $i$-й человек должен получить от $j$-го. Это число может быть как положительным, так и отрицательным (в случае, если $i$-й человек должен отдать рыбу $j$-му).\r\nДля вашей таблицы должно выполняться равенство $a_{i,j}=-a_{j,i}$ (в частности, из этого следует, что $a_{i,i}=0$). \r\n\r\nСуммарный итоговый улов каждого из друзей должен быть одинаковыми (улов $i$-го человека складываются из той рыбы, которую он поймал сам, и той рыбы, которую он получит в результате итогового обмена).\r\n\r\nГарантируется, что существует такой способ обменяться рыбой, чтобы каждый рыбак ушел домой с одинаковым целым количеством рыб.","authorLogin":"pkalinin","language":"russian","timeLimit":2000,"output":"Выведите 3 строки, в каждой по 3 целых числа. \r\nВ $i$-й строке $j$-е число должно быть равно $a_{i,j}$ \"--- сколько рыб (в штуках) должен получить $i$-й человек от $j$-го (нумерация друзей соответствует порядку, в котором они даны во входных данных).\r\n\r\nДля выведенных чисел должны выполнятся следующие условия:\r\n\\begin{itemize}\r\n\\item $a_{i,j}=-a_{j,i}$;\r\n\\item $a_{i,j}$ \"--- целое число, удовлетворяющее ограничению $|a_{i,j}| \\le 10^7$;\r\n\\item суммарный улов каждого из друзей (с учетом попыток, указанных во входных данных) одинаков.\r\n\\end{itemize}\r\n\r\nМожно показать, что хотя бы один способ подобрать такие $a_{i,j}$ существует.\r\n","inputFile":"stdin","outputFile":"stdout","input":"В первой строке вводится одна строка, состоящая только из букв латинского алфавита \"--- имя первого из друзей. Имя непустое и его длина не превосходит $10$.\r\nВо второй и третей строках в таком же формате вводятся имена второго и третьего друга.\r\nГарантируется, что все имена различны.\r\n\r\nВ четвертой строке вводится одно целое число $n$ \"--- количество попыток поймать рыбу ($1 \\le n \\le 100$).\r\n\r\nВ следующих $n$ строках вводятся сами попытки \"--- сначала имя человека, который удил рыбу (гарантируется, что это имя было указано в одной из первых трех строк входных данных), затем через пробел одно целое число $c_i$ \"--- сколько рыб он поймал ($1 \\le c_i \\le 10^4$).\r\n\r\nГарантируется, что суммарный улов можно разделить на троих поровну, оставляя рыбы целыми.","authorName":"Petr Kalinin","sampleTests":[{"output":"0 0 1 \r\n0 0 -2 \r\n-1 2 0 \r\n","input":"Vlad\r\nKolya\r\nMisha\r\n1\r\nKolya 3\r\n"}],"name":"Честный дележ","interaction":null,"memoryLimit":268435456,"tutorial":"Так как мы можем пользоваться только целыми числами, то итоговый улов должен быть не только одинаковым, но и целым. Значит, общий улов (сумма $c_i$) должен делиться на $3$.\r\nОбозначим за $x$ требуемый итоговый улов каждого друга (то есть $\\left(\\sum_{i=1}^n c_i\\right)/3$).\r\nПусть $cnt_i$ - текущий улов $i$-ого человека (до обмена рыбой).\r\nТеперь легко вывести $3$ уравнения, которые нам необходимо удовлетворить:\r\n\r\n$cnt_0 + a_{0,1}+a_{0,2}=x$\r\n\r\n$cnt_1 + a_{1,0}+a_{1,2}=x$\r\n\r\n$cnt_2 + a_{2,0}+a_{2,1}=x$\r\n\r\nУчитывая, что $cnt_0+cnt_1+cnt_2=3x$ и $a_{i,j}=-a_{j,i}$, можно понять, что мы имеем $3$ неизвестных на $3$ зависимых уравнения (уравнения зависимы, так как, если мы их сложим, то получим тождество $0=0$).\r\nПоэтому достаточно зафиксировать одну из неизвестных, остальные выражаются однозначно.\r\nНапример, подойдет следующее решение:\r\n\r\n$a_{0,1}=a_{1,0}=0$\r\n\r\n$-a_{2,0}=a_{0,2}=x-cnt_0$\r\n\r\n$-a_{2,1}=a_{1,2}=x-cnt_1$"}