<acm-contest 
 start="10" 
 length="20000" 
 title="Test ACM contest 2"
 penalty="20"
 showtest="false"
 showcomment="false"
 monitor="example2_monitor.xml"
 submits="example2_submits.xml"
 >
  <problems>
    <problem id="12.A" name="12.Aname" />
    <problem id="13.A" name="13.Aname"/>
  </problems>
  <parties>
     <party id="EPV" name="EPVname" password="epvpw" />
     <party id="VLA" name="VLAname" password="vlapw" />
     <party id="RAI" name="RAIname" password="raipw" />
  </parties>
</acm-contest>