{"scoring":"В тестах общей стоимостью 30 баллов $N$ не будет превосходить $10\\,000$.\r\n","notes":"В первом примере оптимально начать соревнование в $3$ часа по времени первого часового пояса. Тогда во втором часовом поясе будет $1$ час, а в третьем \"--- $2$ часа. Только один человек из первого часового пояса не примет участия в соревновании, т.~к. он заканчивает работать в момент начала соревнования.\r\n\r\nВо втором примере в соревновании примут участие люди из третьего и четвертого часовых поясов.","legend":"В далеком будущем на Земле сутки длятся $n$ часов, и соответственно, есть $n$ часовых поясов. Местное время в соседних часовых поясах различается на час. При записи местного времени для числа часов используются числа от $1$ до $n$, т.е. времени <<0 часов>> не бывает, вместо этого бывает <<$n$ часов>>. Когда местное время в $1$-м часовом поясе $1$ час, местное время в $i$-м часовом поясе $i$ часов.\r\n\r\nНекоторая платформа по проведению онлайн-соревнований по программированию хочет провести соревнование длиной в один час, причем так, чтобы начало соревнования совпало бы с началом какого-то часа (во всех часовых зонах). Платформа знает, что из $i$-го часового пояса в соревновании хотят принять участие $a_i$ человек. Каждый человек примет участие, если соревнование начнется не раньше $s$ часов 00 минут местного времени (по часовому поясу этого человека), а закончится \"--- не позже $f$ часов 00 минут местного времени: в это время человек на работе, а, как известно, на работе не жалко потратить час на самообразование. Начало и конец рабочего дня $s$ и $f$ одинаковы для всех часовых поясов. После $f$ часов 00 минут люди уже не работают, т.е. нельзя если соревнование начинается в $f$ часов 00 минут местного времени, то люди участвовать в нем не будут\r\n\r\nПомогите онлайн-платформе выбрать такой час, когда наибольшее число людей примут участие в соревновании.","authorLogin":"pkalinin","language":"russian","timeLimit":2000,"output":"В единственной строке выведите одно целое число \"--- время начала соревнований по местному времени первого часового пояса, такое, чтобы для максимального числа людей соревнование прошло в течение рабочего дня. Если ответов несколько, выведите минимальный.","inputFile":"teleconference.in","outputFile":"teleconference.out","input":"В первой строке записано одно целое число $n$ \"--- длина суток в часах ($2 \\le n \\le 100\\,000$).\r\n\r\nВо второй строке через пробел записаны $n$ натуральных чисел $a_1$, $a_2$, \\ldots, $a_n$ \"--- количество людей в $i$-м часовом поясе, которые хотят принять участие в соревновании ($1 \\le a_i \\le 10\\,000$).\r\n\r\nВ третьей строке записаны через пробел два натуральных числа $s$ и $f$ \"--- времена начала рабочего дня и конца рабочего дня по местному времени, соответственно ($1 \\le s < f \\le n$).","authorName":"Petr Kalinin","sampleTests":[{"output":"3\r\n","input":"3\r\n1 2 3\r\n1 3\r\n"},{"output":"4\r\n","input":"5\r\n1 2 3 4 1\r\n1 3\r\n"}],"name":"Удобно для всех","interaction":null,"memoryLimit":268435456,"tutorial":"Заранее посчитаем префиксные суммы \"--- общее количество людей в часовых поясах с первого по $i$-й для каждого $i$. Теперь переберем время начала соревнования. В зависимости от него, у нас не работают люди из некоторого отрезка (или двух отрезков) часовых поясов. Будем узнавать, сколько людей из тех, что должны прийти, у нас сейчас не работают (за $O(1)$ с помощью насчитанных заранее сумм), и выберем наилучший ответ. Итоговая асимптотика $O(N)$."}