{"scoring":"Решения, правильно работающие для $Q \\leq 1400$, будут набирать не менее 30 баллов.\r\n\r\nРешения, правильно работающие для $Q \\leq 20000$, будут набирать не менее 44 баллов.","notes":"","legend":"Дано множество $S$ из натуральных чисел, изначально пустое. С ним производятся операции двух типов:\r\n\\begin {enumerate}\r\n\\item Добавить в $S$ натуральное число, не меньшее всех уже лежащих в множестве элементов.\r\n\\item Найти непустое подмножество $s$ множества $S$ такое, что значение $\\max(s) - \\mathop{\\mathrm{mean}}(s)$ максимально. Здесь $\\max(s)$ обозначает максимум среди всех элементов $s$, $\\mathop{\\mathrm{mean}}(s)$ \"--- среднее арифметическое всех элементов $s$. Вывести величину $\\max(s) - \\mathop{\\mathrm{mean}}(s)$.\r\n\\end{enumerate}","authorLogin":"kuzmichev_dima","language":"russian","timeLimit":1000,"output":"Выведите ответ на каждую операцию второго типа в том порядке, в котором эти операции шли во входных данных. Каждое число должно располагаться на отдельной строке и содержать минимум шесть верных значащих цифр.","inputFile":"stdin","outputFile":"stdout","input":"В первой строке задано единственное натуральное число $Q$ ($1 \\leq Q \\leq 5\\cdot10^5$) \"--- количество операций. В каждой из следующих $Q$ строк следует описание очередной операции. Для операций типа $1$ в строке будут записаны два числа вида $1$ и $x$, где $x$ ($1 \\leq x \\leq 10^9$) \"--- число, которое нужно добавить в $S$. Гарантируется, что $x$ будет не меньше любого элемента $S$ на данный момент. Для операции типа $2$ в соответствующей строке будет записано ровно одно число $2$.\r\n\r\nГарантируется, что первая операция будет иметь тип $1$, то есть множество $S$ не будет пустым при поступлении операций типа $2$.","authorName":"Dmitry Kuzmichev","sampleTests":[{"output":"0.0000000000\r\n0.5000000000\r\n3.0000000000\r\n","input":"6\r\n1 3\r\n2\r\n1 4\r\n2\r\n1 8\r\n2\r\n"},{"output":"2.0000000000\r\n","input":"4\r\n1 1\r\n1 4\r\n1 5\r\n2\r\n"}],"name":"Максимизируй!","interaction":null,"memoryLimit":268435456,"tutorial":"Сначала докажем необходимые леммы. Будем обозначать $a_0, \\ldots, a_n$~--- числа, на текущий момент лежащие в $S$, упорядоченные по возрастанию. \r\n\r\nЛемма 1. Пусть наибольший элемент в оптимальном $s$~---это $a_n$. Тогда оставшиеся элементы $s$ образуют префикс $a$.\r\n\r\nДоказательство: предположим, это не так. Рассмотрим $a_i$ $(i<n)$~--- первый элемент из $a$, который не лежит в $s$. Из предположения известно, что в $s$ лежит некоторый $a_j$ $(i < j < n)$. Заменим в $s$ $a_j$ на $a_i$, среднее $mean(s)$ не увеличится, так как $a_i \\leq a_j$, $max(s)$ не изменится, величина $max(s) - mean(s)$ не уменьшится.\r\n\r\nЛемма 2. Обозначим $m_i = a_n-\\frac{a_n+\\sum_{j=0}^{i-1}a_j}{i+1}$~--- это значение величины, которую мы хотим максимизировать, если $s$ состоит из $a_n$, а также из префикса $a$ длины $i$, то есть элементов $a_0, \\ldots, a_{i-1}$. Утверждение: $sign(m_{i+1}-m_i)=sign(a_n+\\sum_{j=0}^{i-1}a_j - a_i(i+1)$, где $sign(x)$ обозначает знак числа $x$.\r\n\r\nДоказательство: $m_{i+1}-m_i=\\frac{(-a_n - \\sum_{j=0}^{i}a_j)(i+1) + (a_n+\\sum_{j=0}^{i-1}a_j)(i+2)}{(i+1)(i+2)}=\\frac{a_n+\\sum_{j=0}^{i-1}a_j - a_i(i+1))}{(i+1)(i+2)}$. Так как знаменатель этой дроби всегда $>0$, то $sign(m_{i+1}-m_i)=sign(a_n+\\sum_{j=0}^{i-1}a_j - a_i(i+1)$.\r\n\r\nЛемма 3. Обозначим для фиксированного $n$ $f(i)=a_n+\\sum_{j=0}^{i-1}a_j - a_i(i+1)$. $f(i)$ монотонно не возрастает при увеличении $i$.\r\n\r\nДоказательство: $f(i+1)=f(i)+a_i-a_{i+1}(i+2)+a_i(i+1)=f(i)-(i+2)(a_{i+1}-a_i)$. $a_{i+1}-a_i \\geq 0$, потому что $a$ упорядочено по возрастанию. Тогда $f(i+1)-f(i)=-(i+2)(a_{i+1}-a_i) \\leq 0$, то есть $f(i+1)-f(i) \\leq 0$, что и означает нестрогое убывание $f(i)$ при увеличении $i$.\r\n\r\nТеперь на основе данных лемм решим задачу. Будем поддерживать текущий ответ на запрос типа $2$, обозначим его $ans$. Когда приходит операция типа $1$, будем его обновлять оптимальным значением величины $max(s)-mean(s)$, если $max(s)=a_n$, где $a_n$~---только что добавленный элемент. Чтобы найти это оптимальное значение, сделаем бинарный поиск по $f(i)$ и найдем наименьшее такое $i$, что $f(i) \\leq 0$. Из лемм следует, что именно префикс длины $i$ будет оптимальным для фиксированного $max(s)=a_n$. Обновим $ans$ значением $a_n-\\frac{a_n+\\sum_{j=0}^{i-1}a_j}{i+1}$. Чтобы быстро считать суммы вида $\\sum_{j=0}^{i}a_j$, будем поддерживать в отдельном массиве суммы на всех префиксах $a$~---к этому массиву будет добавляться один элемент каждый раз при поступлении запроса типа $1$."}