{"scoring":null,"notes":"В первом примере первый посетитель приходит точно к открытию окна, и его обслуживают две минуты. В момент времени 12 минут окно освобождается, и, если Вася подойдет к этому моменту, то его обслужат без очереди, т.к. следующий посетитель подойдет только в момент времени 13 минут.\r\n\r\nВо втором примере, чтобы успеть подать документы, Васе надо прийти раньше всех.","legend":"Наконец-то! Васе исполнилось 14 лет, а значит, пора получать паспорт! Для этого ему необходимо обратиться в паспортный стол. Но не все так просто. В паспортном столе работает только одно окно по приему документов, а очередь в него иногда занимают задолго до его открытия. Вася хочет подать документы завтра.\r\n\r\nОн знает, что окно начинает работать спустя $t_s$ минут после полуночи, а закрывается спустя $t_f$ после полуночи (то есть $(t_f - 1)$ \"--- последняя минута, когда окно еще работает). На прием документов от одного человека тратится ровно $t$ минут. Если до закрытия окна остается меньше $t$ минут, то обслуживание прекращается. \r\n\r\nЕщё Вася знает, что завтра придет ровно $n$ посетителей. Для каждого посетителя Вася знает время, в которое он придет. Каждый приходящий посетитель занимает очередь в окно, и не уходит, пока его не обслужат (или пока окно по приему документов не закроется). Если в момент прихода посетителя окно свободно (в частности, если в этот же момент закончили обслуживать предыдущего посетителя), то пришедшего посетителя начинают сразу же обслуживать.\r\n\r\n\\begin{center}\r\n\\includegraphics[width=0.7\\linewidth,bb=0 0 1000 802]{queue_vec.png}\r\n\\end{center}\r\n\r\nВремена приходов всех посетителей положительны, Вася, если надо, может прийти и в нулевой момент времени (т.~е. ровно в полночь), однако он не может прийти в момент времени, выражающийся нецелым числом минут после полуночи. Если Вася приходит одновременно с несколькими посетителями, то он пропускает их вперед и встает в конец очереди.\r\n\r\nВася, безусловно, хочет прийти так, чтобы успеть подать документы до закрытия окна. Но из всех таких вариантов он хочет выбрать такой, чтобы стоять в очереди как можно меньше. Помогите ему.\r\n\r\n","authorLogin":"pkalinin","language":"russian","timeLimit":1000,"output":"В выходной файл выведите одно целое неотрицательное число~--- время, когда должен прийти Вася. Если Вася приходит одновременно с несколькими посетителями, то он пропускает их вперед и встает в конец очереди. Если оптимальных решений несколько, выведите любое.","inputFile":"stdin","outputFile":"stdout","input":"В первой строке входных данных находятся три положительных целых числа: время открытия окна $t_s$, время закрытия окна $t_f$ и время обслуживания одного человека $t$. В следующей строке дано одно целое число $n$ \"--- количество посетителей ($0 \\le n \\le 100\\,000$). В третьей строке перечислены положительные целые числа в порядке возрастания \"--- времена, в которые посетители приходят в паспортный стол. \r\n\r\nВсе времена заданы в минутах и не превосходят $10^{12}$; гарантируется, что $t_s<t_f$. Также гарантируется, что Вася может прийти так, чтобы успеть подать документы до закрытия окна.","authorName":"Petr Kalinin","sampleTests":[{"output":"12","input":"10 15 2\r\n2\r\n10 13\r\n"},{"output":"2","input":"8 17 3\r\n4\r\n3 4 5 8\r\n"}],"name":"Очередь","interaction":null,"memoryLimit":268435456,"tutorial":"Посчитаем, в какое время начнут обслуживать каждого посетителя. Пусть массив $a$ содержит времена прихода посетителей. Первого посетителя начнут обслуживать в момент открытия окна $t_s$, если он пришел раньше этого времени, либо, в противном случае, в момент его прихода. Аналогично, можно посчитать время начала обслуживания $i$-ого посетителя, зная время начала обслуживания $(i-1)$-ого. Предположим, $(i-1)$-ого начали обслуживать в минуту $b_{i-1}$, тогда $i$-ого могут обслужить не раньше, чем через $t$ минут, т.е. в момент времени $b_{i-1}+t$. В это время его начнут обслуживать, если $i$-ый посетитель пришел раньше ($a_i\\leqslant b_{i-1}+t$). Если он пришел позднее, то его начнут обслуживать в момент его прихода. Таким образом, для каждого посетителя мы узнаем время $b_i$, когда его начнут обслуживать.\r\n\r\nЕсли кто-то из посетителей пришел позже, чем закончили обслуживать предыдущего посетителя ($a_i>b_{i-1}+t$), то окно простаивало. Значит, Вася, придя в подходящий момент (например, в момент $b_{i-1}+t$), подаст документы без очереди. \r\nЕсли таких посетителей нет, то для того, чтобы обслужиться $i$-ым, Вася должен прийти не позднее времени $(a_i - 1)$. Тогда ждать ему придется минимум $b_i - (a_i - 1)$ минут.\r\nИз всех этих вариантов нам необходимо найти момент с минимальным временем ожидания. \r\n\r\nПри этом, следует учесть следующие случаи:\r\n\\begin{enumerate}\r\n\\item\r\nЕсли $i$-ый и $(i-1)$-ый посетители пришли в одно время, то Вася не сможет прийти между ними.\r\n\\item\r\nНекоторых посетителей могут не обслужить, если время начала их обслуживания больше или равно $T_f$. А значит, Васе не имеет смысла приходить после них.\r\n\\item\r\nВася может обслужиться последним, если после обслуживания последнего посетителя до закрытия окна остается хотя бы $t$ минут.\r\n\\item\r\nВася может обслужиться первым, только если придет раньше всех посетителей.\r\n\\end{enumerate}\r\n\r\nТакже, с учетом ограничений на времена до $10^{12}$, для всех вычислений необходимо использовать 64-битный тип данных.\r\n\r\nТаким образом, задача сводится к аккуратному подсчету времен обслуживания клиентов (сложность $O(n)$), с учетом перечисленных выше крайних случаев. \r\n"}