<?xml version="1.0" encoding="utf-8" standalone="no"?>
<problem revision="12" short-name="conference" url="https://polygon.codeforces.com/p0nFztO/pkalinin/conference">
    <names>
        <name language="russian" value="Удобно для всех"/>
    </names>
    <statements>
        <statement charset="UTF-8" language="russian" path="statements/russian/problem.tex" type="application/x-tex"/>
        <statement language="russian" path="statements/.pdf/russian/problem.pdf" type="application/pdf"/>
        <statement charset="UTF-8" language="russian" path="statements/.html/russian/problem.html" type="text/html"/>
    </statements>
    <tutorials>
        <tutorial charset="UTF-8" language="russian" path="statements/russian/tutorial.tex" type="application/x-tex"/>
        <tutorial language="russian" path="statements/.pdf/russian/tutorial.pdf" type="application/pdf"/>
        <tutorial charset="UTF-8" language="russian" path="statements/.html/russian/tutorial.html" type="text/html"/>
    </tutorials>
    <judging cpu-name="Intel(R) Core(TM) i5-3470 CPU @ 3.20GHz" cpu-speed="3200" input-file="teleconference.in" output-file="teleconference.out">
        <testset name="tests">
            <time-limit>2000</time-limit>
            <memory-limit>268435456</memory-limit>
            <test-count>27</test-count>
            <input-path-pattern>tests/%02d</input-path-pattern>
            <answer-path-pattern>tests/%02d.a</answer-path-pattern>
            <tests>
                <test method="manual" sample="true"/>
                <test method="manual" sample="true"/>
                <test cmd="gen 2 1" method="generated"/>
                <test cmd="gen 10 2" method="generated"/>
                <test cmd="gen 10 8" method="generated"/>
                <test cmd="gen 50 25" method="generated"/>
                <test cmd="gen 100 20" method="generated"/>
                <test cmd="gen 500 275" method="generated"/>
                <test cmd="gen 1000 795" method="generated"/>
                <test cmd="gen 5000 1500" method="generated"/>
                <test cmd="gen 10000 5" method="generated"/>
                <test cmd="gen 10000 100" method="generated"/>
                <test cmd="gen 10000 6300" method="generated"/>
                <test cmd="gen 50000 29000" method="generated"/>
                <test cmd="gen 50000 34882" method="generated"/>
                <test cmd="gen 99990 40000" method="generated"/>
                <test cmd="gen 99999 30000" method="generated"/>
                <test cmd="gen 100000 1" method="generated"/>
                <test cmd="gen 100000 10" method="generated"/>
                <test cmd="gen 100000 50" method="generated"/>
                <test cmd="gen 100000 300" method="generated"/>
                <test cmd="gen 100000 30000" method="generated"/>
                <test cmd="gen 100000 50000" method="generated"/>
                <test cmd="gen 100000 67099" method="generated"/>
                <test cmd="gen 100000 87099" method="generated"/>
                <test cmd="gen 100000 99998" method="generated"/>
                <test cmd="gen 100000 99999" method="generated"/>
            </tests>
        </testset>
    </judging>
    <files>
        <resources>
            <file path="files/olymp.sty"/>
            <file path="files/problem.tex"/>
            <file path="files/statements.ftl"/>
            <file path="files/testlib.h" type="h.g++"/>
            <file path="files/tutorial.tex"/>
        </resources>
        <executables>
            <executable>
                <source path="files/gen.cpp" type="cpp.g++"/>
                <binary path="files/gen.exe" type="exe.win32"/>
            </executable>
            <executable>
                <source path="files/valid.cpp" type="cpp.g++"/>
                <binary path="files/valid.exe" type="exe.win32"/>
            </executable>
        </executables>
    </files>
    <assets>
        <checker name="std::ncmp.cpp" type="testlib">
            <source path="files/check.cpp" type="cpp.g++"/>
            <binary path="check.exe" type="exe.win32"/>
            <copy path="check.cpp"/>
            <testset>
                <test-count>0</test-count>
                <input-path-pattern>files/tests/checker-tests/%02d</input-path-pattern>
                <output-path-pattern>files/tests/checker-tests/%02d.o</output-path-pattern>
                <answer-path-pattern>files/tests/checker-tests/%02d.a</answer-path-pattern>
                <tests/>
            </testset>
        </checker>
        <validators>
            <validator>
                <source path="files/valid.cpp" type="cpp.g++"/>
                <binary path="files/valid.exe" type="exe.win32"/>
                <testset>
                    <test-count>6</test-count>
                    <input-path-pattern>files/tests/validator-tests/%02d</input-path-pattern>
                    <tests>
                        <test verdict="valid"/>
                        <test verdict="invalid"/>
                        <test verdict="invalid"/>
                        <test verdict="invalid"/>
                        <test verdict="invalid"/>
                        <test verdict="invalid"/>
                    </tests>
                </testset>
            </validator>
        </validators>
        <solutions>
            <solution tag="main">
                <source path="solutions/conference_ad.cpp" type="cpp.g++"/>
                <binary path="solutions/conference_ad.exe" type="exe.win32"/>
            </solution>
            <solution tag="wrong-answer">
                <source path="solutions/conference_ad_wrong.cpp" type="cpp.g++"/>
                <binary path="solutions/conference_ad_wrong.exe" type="exe.win32"/>
            </solution>
            <solution tag="rejected">
                <source path="solutions/conference_incor2.cpp" type="cpp.g++"/>
                <binary path="solutions/conference_incor2.exe" type="exe.win32"/>
            </solution>
            <solution tag="rejected">
                <source path="solutions/conference_incorrect.cpp" type="cpp.g++"/>
                <binary path="solutions/conference_incorrect.exe" type="exe.win32"/>
            </solution>
            <solution tag="time-limit-exceeded">
                <source path="solutions/conference_tl.cpp" type="cpp.g++"/>
                <binary path="solutions/conference_tl.exe" type="exe.win32"/>
            </solution>
            <solution tag="rejected">
                <source path="solutions/conference_tl2.cpp" type="cpp.g++"/>
                <binary path="solutions/conference_tl2.exe" type="exe.win32"/>
            </solution>
            <solution tag="accepted">
                <source path="solutions/gr_ok.cpp" type="cpp.g++17"/>
                <binary path="solutions/gr_ok.exe" type="exe.win32"/>
            </solution>
            <solution tag="accepted">
                <source path="solutions/mk_ok.cpp" type="cpp.g++14"/>
                <binary path="solutions/mk_ok.exe" type="exe.win32"/>
            </solution>
        </solutions>
    </assets>
    <properties>
        <property name="tests-wellformed" value="true"/>
    </properties>
    <stresses>
        <stress-count>0</stress-count>
        <stress-path-pattern>stresses/%03d</stress-path-pattern>
        <list/>
    </stresses>
    <documents>
        <document path="documents/description.txt" type="text/plain"/>
    </documents>
    <tags>
        <tag value="nnoi"/>
        <tag value="nnoi-develop"/>
        <tag value="nnoi2018"/>
    </tags>
</problem>
