<problem id="ru.nnov.nnoi.6.F">
  <name value="Triangle" />
  <judging>
    <script type="%ioi">
      <verifier type="%testlib">
        <binary executable-id="x86.exe.win32" href="test.exe" />
      </verifier>
      <evaluator type="%ije">
        <binary executable-id="x86.exe.win32" href="eval.exe" />
      </evaluator>
      <testset
         input-name="triangle.in"
         output-name="triangle.out"
         input-href="##"
         answer-href="##.a"
         time-limit="1000ms"
         memory-limit="128Mb"
      >
        <test points="1" eval-types="2"/>
        <test points="1" eval-types="1"/>
        <test points="1" eval-types="1"/>
        <test points="3" eval-types="2"/>
        <test points="3" eval-types="2"/>
        
        <test points="3" eval-types="1"/>
        <test points="3" eval-types="2"/>
        <test points="3" eval-types="2"/>
        <test points="8" eval-types="1"/>
        <test points="8" eval-types="1"/>
        
        <test points="8" eval-types="1"/>
        <test points="3" eval-types="2"/>
        <test points="5" eval-types="1"/>
        <test points="6" eval-types="1"/>
        <test points="8" eval-types="1"/>
        
        <test points="6" eval-types="1"/>
        <test points="8" eval-types="1"/>
        <test points="6" eval-types="1"/>
        <test points="8" eval-types="1"/>
        <test points="8" eval-types="1"/>
      </testset>
    </script>
  </judging>
</problem>
