{"scoring":null,"notes":"В примере радиус рва равен $3$ метрам.","legend":"Каждый год тысячам рыцарей приходится спасать принцесс, и наш герой Гарольд \"--- не исключение.\r\nЕго принцесса находится в самом центре замка, охраняемого злым драконом Русланом.\r\nКак и в любом нормальном замке, вокруг покоев нашей принцессы есть ров с водой.\r\nБудем считать, что он представляет собой окружность, причем ширина рва равна 0.\r\nЦель Гарольда \"--- попасть в покои принцессы и снять с нее древние чары (другими словами, попасть в центр окружности, образованной рвом).\r\n\r\n\\begin{center}\r\n\\includegraphics[width=0.5\\linewidth,bb=0 0 1000 910]{goto-center_vec.png}\r\n\\end{center}\r\n\r\nК сожалению, наш рыцарь слеп, поэтому самостоятельно добраться до принцессы он не в состоянии. \r\nНо у него есть верный конь Константин, который всегда выручает своего хозяина.\r\nПравда, лошади вечно хотят пить, поэтому все, что может Константин, это сбегать до рва с водой и рассказать, сколько он пробежал (то есть расстояние от местоположения Гарольда до ближайшей точки рва).\r\nПосле этого у Константина вырастают крылья, и он может перенести хозяина в любую точку карты.\r\n\r\nВ данной задаче вы играете роль Гарольда.\r\nВы можете приказывать коню, куда лететь, а в ответ получать минимальное расстояние от данной точки до точек рва.\r\nВаша задача \"--- добраться до центра замка.","authorLogin":"pkalinin","language":"russian","timeLimit":2000,"output":"","inputFile":"stdin","outputFile":"stdout","input":"Это интерактивная задача. В процессе тестирования ваша программа будет с использованием стандартных потоков ввода/вывода (вывод <<на экран>>/ввод <<с клавиатуры>>) взаимодействовать с программой жюри, которая моделирует работу коня Константина.\r\n\r\nПри каждом запуске вашей программы ей необходимо будет решить несколько тестовых случаев. В начале работы ваша программа должна считать одно натуральное число $T$ ($1 \\leqslant T \\leqslant 10^4$) --- количество тестовых случаев.\r\n\r\nДалее, для каждого тестового случая, ваша программа должна следовать следующему протоколу:\r\n\\begin{itemize}\r\n\\item Для приказания коню перенести рыцаря ваша программа должна вывести в стандартный поток вывода (<<на экран>>) запрос в формате <<\\texttt{? x y}>>, где $x$, $y$ --- вещественные числа, координаты точки перемещения. Они не должны превосходить $10^4$ по абсолютному значению.\r\nПосле этого ваша программа должна считать из стандартного потока ввода (<<с клавиатуры>>) одно вещественное число с ровно $10$ знаками после десятичной точки --- расстояние от точки $(x, y)$ до ближайшей точки рва. Конечно, из-за конечного числа знаков это число может не быть равно настоящему расстоянию, однако гарантируется, что данное расстояние отличается от настоящего не более, чем на $10^{-10}$.\r\n\\item Когда ваша программа найдет центр замка, она должна вывести его координаты $(x, y)$ в формате <<\\texttt{A x y}>>, и перейти к следующему тестовому случаю или завершить работу, если этот тестовый случай был последним.\r\n\\end{itemize}\r\n\r\nКоординаты центра замка --- вещественные числа, не превосходящие по абсолютному значению $10^4$.\r\nРадиус рва --- неотрицательное вещественное число, не превосходящее $10^4$.\r\n\r\nВаша программа может сделать не более $5$ запросов в каждом тестовом случае всего (считая как запросы на перемещение, так и вывод ответа). \r\n\r\nВаш ответ будет считаться правильным, если его абсолютная или относительная ошибка не будет превосходить $10^{-6}$ для каждой координаты.\r\nА именно: пусть ваш ответ равен ($x$, $y$), а загаданный центр ($x_1$, $y_1$). Проверяющая программа будет считать ваш ответ правильным, если $\\frac{|x-x_1|}{max(1,|x_1|)} \\leqslant 10^{-6}$ и $\\frac{|y-y_1|}{max(1,|y_1|)} \\leqslant 10^{-6}$. \r\n\r\nВсе расстояния в данной задаче измеряются в метрах.\r\n\r\nЗапросы вашей программы должны завершаться переводом строки и сбросом буфера потока вывода. Для этого используйте flush(output) в Pascal/Delphi; fflush(stdout) или cout.flush() в С/C++, sys.stdout.flush() в Python.\r\n\r\nВ случае возникновения каких-либо технических проблем с этой задачей обращайтесь к представителю жюри.\r\n\r\n\\section{Система оценивания}\r\n\r\nВ этой задаче 33 теста. Верное прохождение одного из тестов оценивается в 4 балла, каждого из остальных тестов --- в три балла.\r\n\r\nПри этом ваша программа также будет получать частичные баллы, если ошибка составила больше $10^{-6}$. А именно, если во всех $T$ тестовых случаях одного теста абсолютная или относительная ошибка не будет превосходить $10^{-2}$ для каждой координаты, то ваша программа получит 1 балл за этот тест. Если во всех $T$ тестовых случаях абсолютная или относительная ошибка не будет превосходить $10^{-4}$ для каждой координаты, то ваша программа получит 2 балла за этот тест.\r\n\r\n","authorName":"Petr Kalinin","sampleTests":[{"output":"~\r\n\r\n? 0.000 0.000\r\n\r\n~\r\n\r\n? 3.000 0.000\r\n\r\n~\r\n\r\n? 5.000 6.000\r\n\r\n~\r\n\r\nA 3.000 4.000\r\n","input":"1\r\n\r\n~\r\n\r\n2.0000000\r\n\r\n~\r\n\r\n1.0000000\r\n\r\n~\r\n\r\n0.1715729\r\n"}],"name":"Спасение принцессы","interaction":null,"memoryLimit":268435456,"tutorial":"Пусть искомые координаты центра окружности-рва есть $X,Y$, а ее радиус --- $R$. Пусть $i$-й запрос у нашей программы был $x_i$, $y_i$, и в ответ программа получила число $r_i$. В таком случае несложно видеть, что\r\n$$\r\nr_i=\\left|R-\\sqrt{(X-x_i)^2+(Y-y_i)^2}\\right|\r\n$$\r\n\r\nВ этом уравнении мы знаем $x_i$, $y_i$ и $r_i$, и не знаем $X$, $Y$ и $R$. Поэтому, сделав три запроса, мы получим три уравнения на три неизвестных, из которых можно будет найти искомые величины. Тем не менее, система из таких трех уравнений может иметь более одного решения, поэтому трех запросов недостаточно, потребуется сделать четыре запроса.\r\n\r\nПосле этого остается только решить полученную систему из 4 уравнений с 3 неизвестными. Это можно делать многими способами, получая решения различной надежности и точности. Ниже описывается один из возможных вариантов решения. Отметим, что в данной задаче практически отсутствуют какие-либо особые случаи, а поэтому эффективность и точность выбранного метода решения в этой задаче достаточно просто оценить с помощью так называемого стресс-тестирования: можно просто в программе генерировать случайные параметры окружности ($X$, $Y$ и $R$), запускать решение и проверять, насколько точно оно определило эти параметры и насколько часто ошибка определения превышает некоторый порог. В частности, изложенное ниже решение определяет координаты центра окружности с точностью хуже, чем требовавшаяся по условию $10^{-6}$, лишь примерно в 1.5 запусках из $10^8$. В этой задаче только 33 теста по $10^4$ тестовых случаев, поэтому такой надежности безусловно хватает.\r\n\r\nИтак, во-первых, в уравнениях присутствуют модули. Каждый модуль можно раскрыть двумя способами, для четырех уравнений получаем $2^4=16$ способов раскрытия модулей. Переберем все 16 вариантов. Получаем уравнения вида\r\n$$\r\n\\alpha_i r_i = R-\\sqrt{(X-x_i)^2+(Y-y_i)^2},\r\n$$\r\nгде $\\alpha_i=\\pm 1$ в зависимости от того, как мы раскрыли модуль.\r\n\r\nПреобразованиями получаем\r\n$$\r\nx_i^2-2x_iX+X^2+y_i^2-2y_iY+Y^2-r_i^2+2\\alpha_ir_iR-R^2=0\r\n$$\r\n(здесь учтено, что $\\alpha_i^2=1$).\r\n\r\nВычитая из $i$-го уравнения $j$-е, после преобразований имеем\r\n$$\r\n2x_iX+2y_iY-2\\alpha_ir_iR-x_i^2-y_i^2+r_i^2=\r\n2x_jX+2y_jY-2\\alpha_jr_jR-x_j^2-y_j^2+r_j^2,\r\n$$\r\nчто является линейным уравнением относительно $X$, $Y$ и $R$.\r\n\r\nВыбирая различным способом $i$ и $j$, можно получить 12 уравнений на $X$ и $Y$. Несложно понять, что не более 3 из них независимы; с другой стороны, если $x_i$ и $y_i$ выбирать более-менее случайно, то с крайне высокой вероятностью независимых уравнений будет именно три, а не меньше. Тогда полученная система из линейных уравнений с тремя неизвестными будет иметь ровно одно решение.\r\n\r\nНо для простоты уравнений можно пойти чуть дальше и обратить внимание на то, что в предыдущем уравнении левая часть не зависит от $j$, а правая --- от $i$. Тогда очевидно, что на самом деле что левая, что правая часть уравнения равны некоторой величине $C$:\r\n$$\r\n2x_iX+2y_iY-2\\alpha_ir_iR-x_i^2-y_i^2+r_i^2=C,\r\n$$\r\nи $C$ одна для всех $i$.\r\n\r\nВ итоге получаем систему из четырех линейных уравнений (для $i=1\\dots 4$) с четырьмя неизвестными ($X$, $Y$, $R$ и $C$). Решая ее, находим искомые величины.\r\n\r\nВспомним, что у нас на самом деле было 16 вариантов выбора значений $\\alpha_i$ (что соответствует 16 вариантам раскрытия модулей в исходных уравнениях). Поэтому мы на самом деле получаем 16 вариантов искомых координат. Подставляя их в исходные уравнения, выберем настоящий ответ, который и выведем. В особенно неудачном случае может оказаться, что несколько решений удовлетворяют исходным уравнениям, но такое крайне маловероятно, если мы выбираем $x_i$ и $y_i$ более-менее случайно. Кроме того, может оказаться, что погрешность ответа слишком большая, но, как показывает экспериментирование, это возникает обычно в случае, когда точки $x_i$ и $y_i$ расположены слишком близко к началу координат. Для определения ответа с максимальной точностью стоит брать точки достаточно удаленные от начала координат.\r\n\r\nКак описано выше, можно провести стресс-тестирование полученного решения и убедиться в том, что оно находит неправильный ответ лишь в примерно 1.5 случаях из $100\\,000\\,000$, чего вполне достаточно в данной задаче."}