{"scoring":"В тестах суммарной стоимостью не менее $20$ баллов будут выполняться ограничения $1 \\le n \\le 20$, $0 \\le m \\le 500$.\r\n\r\nВ тестах суммарной стоимостью не менее $40$ баллов будут выполняться ограничения $1 \\le n \\le 500$, $0 \\le m \\le 500$.\r\n\r\nВ тестах суммарной стоимостью не менее $50$ баллов будут выполняться ограничения $1 \\le n \\le 500$.\r\n\r\n","notes":"","legend":"Студент Арсений любит планировать свои действия ровно на $n$ дней вперед. Он каждый день ходит в столовую обедать, и поэтому он уже определился, что он будет заказывать в каждый из этих $n$ дней. Цены в столовой не меняются, поэтому в $i$-й из этих дней Арсений пообедает ровно на $c_i$ рублей.\r\n\r\nВ ходу монеты номиналом $1$ рубль и купюры номиналом $100$ рублей. У Арсения сейчас имеется $m$ монет и достаточно много купюр (вы можете считать, что бесконечно много). Арсений любит современные технологии, поэтому везде, кроме столовой, он расплачивается карточкой, а в столовой карточки не принимают, и ему приходится расплачиваться наличными. \r\n\r\nКассир всегда просит студента расплатиться без сдачи. К сожалению, это не всегда возможно, но Арсений старается минимизировать \\textit{недовольство} кассира. Недовольство кассира в каждый из дней определяется суммарным количеством монет и купюр в сдаче Арсению в этот день, а именно, если кассир сдал $x$ купюр и монет в день $i$, то его недовольство в этот день равно $x \\cdot w_i$. Кассир всегда выдает сдачу наименьшим возможным числом купюр и монет, у него достаточно монет и купюр для этого.\r\n\r\n\\begin{center}\r\n\\includegraphics[width=0.5\\linewidth,bb=0 0 1000 1040]{no-change_vec.png}\r\n\\end{center}\r\n\r\nАрсений хочет расплачиваться так, чтобы минимизировать суммарное недовольство кассира за $n$ дней. Помогите ему определить, как ему стоит расплачиваться в каждый из $n$ дней!\r\n\r\nЗаметьте, что Арсению всегда хватит денег, чтобы расплатиться, так как у него бесконечно много купюр. Арсений может использовать монеты и купюры, полученные в сдаче, в любой из следующих дней.","authorLogin":"pkalinin","language":"russian","timeLimit":2000,"output":"В первой строке выведите одно целое число~--- минимальное суммарное недовольство кассира, которого может достичь Арсений.\r\n\r\nДалее выведите $n$ строк. В $i$-й из этих строк выведите два числа~--- число купюр и число монет, которыми Арсений должен расплатиться в $i$-й день.\r\n\r\nЕстественно, в любой из дней сумма, которую даст Арсений, должна быть не меньше суммы, на которую он собирается пообедать. Также эта сумма не должна превышать $10^6$ рублей: Арсений никогда не носит большие суммы с собой.\r\n\r\nЕсли оптимальных ответов несколько, выведите любой.","inputFile":"stdin","outputFile":"stdout","input":"В первой строке находятся два целых числа $n$ и $m$ ($1 \\le n \\le 10^5$, $0 \\le m \\le 10^9$) \"--- число дней, на которые Арсений распланировал свои действия, и число имеющихся у него монет в данный момент.\r\n\r\nВо второй строке находится последовательность целых чисел $c_1, c_2, \\ldots, c_n$ ($1 \\le c_i \\le 10^5$) \"--- суммы, которые Арсений собирается потратить в каждый из дней.\r\n\r\nВ третьей строке находится последовательность целых чисел $w_1, w_2, \\ldots, w_n$ ($1 \\le w_i \\le 10^5$) \"--- коэффициенты недовольства кассира в каждый из дней.","authorName":"Petr Kalinin","sampleTests":[{"output":"79\r\n1 17\r\n1 0\r\n2 0\r\n2 43\r\n2 0\r\n","input":"5 42\r\n117 71 150 243 200\r\n1 1 1 1 1\r\n"},{"output":"150\r\n1 0\r\n1 0\r\n0 50\r\n","input":"3 0\r\n100 50 50\r\n1 3 2\r\n"},{"output":"230\r\n1 17\r\n1 0\r\n1 50\r\n3 0\r\n2 0\r\n","input":"5 42\r\n117 71 150 243 200\r\n5 4 3 2 1\r\n"}],"name":"Поищите без сдачи!","interaction":null,"memoryLimit":268435456,"tutorial":"Первое, что нужно заметить в этой задаче \"--- это то, что в день $i$ имеет смысл платить либо $c_i \\mathbin{\\text{div}} 100$ банкнот и $c_i \\bmod 100$ монет (тогда недовольство кассира будет равно $0$), либо только $c_i \\mathbin{\\text{div}} 100 + 1$ банкнот (в таком случае недовольство кассира равно $\\big(100 - (c_i \\bmod 100)\\big)w_i$). Более того, второй случай невозможен, если $c_i \\bmod 100 = 0$, в таком случае надо просто заплатить необходимое число банкнот. (Здесь mod обозначает остаток от деления, а div \"--- неполное частное.)\r\n\r\nПользуясь этим соображением, нетрудно придумать решение, имеющее асимптотику $O(2^n\\cdot n)$: переберем для каждого дня, каким из этих двух способов Арсений будет расплачиваться, проверим, что у него всегда будет достаточно монет, и посчитаем суммарное недовольство кассира. Среди всех подходящих вариантов выберем тот, в котором суммарное недовольство минимально. Такое решение набирает $20$ баллов.\r\n\r\nЧтобы ускорить решение, воспользуемся методом динамического программирования. Заметим, что действия Арсения после некоторого дня зависят только от количества оставшихся у него монет после этого дня. Поэтому для каждого дня $i$ и каждого числа монет $j$ посчитаем, какое минимальное суммарное недовольство кассира Арсений может достичь в дни после $i$-го, если после этого дня у него будет ровно $j$ монет. Возможных переходов всего два, они соответствуют возможным вариантам, как Арсений расплатится в день $i+1$. Для полноценного решения осталось выяснить один момент: какое максимальное число монет может быть у Арсения после какого-то дня, иными словами, до какого максимального значения изменяется параметр $j$? Несложно заметить, что, т.~к. сдача в каждый день меньше $100$ монет, то у Арсения никогда не будет больше, чем $m + 100n$ монет. Таким образом, такое решение работает за $O(n\\cdot(m+100n))$ и набирает $40$ баллов.\r\n\r\nЧтобы набрать $50$ баллов, достаточно заметить, что Арсению никогда не понадобится больше чем $100n$ монет, а значит, можно уменьшить $m$ до такого значения, если изначально число монет было больше. Теперь динамическое программирование из предыдущего абзаца будет иметь асимптотику $O(n^2)$, правда, с довольно большой константой, и такое решение набирает $50$ баллов.\r\n\r\nДля полного решения надо заметить еще один факт. Предположим, Арсений расплатился в $i$-й день без сдачи, дав кассиру $c_i \\bmod 100$ монет. Тогда, если мы изменим способ расплатиться в этот день, то количество монет у Арсения увеличится ровно на $100$ во все последующие дни независимо от $c_i$! Действительно, Арсений в таком случае не отдаст эти $c_i \\bmod 100$ монет, а еще он получит в сдаче ровно $100 - (c_i \\bmod 100)$ монет, что в сумме дает $100$ монет. \r\n\r\nБудем строить оптимальное решение по дням начиная с первого, каждый раз стараясь расплачиваться без сдачи, чтобы минимизировать недовольство кассира. Пусть в первый раз Арсений не сможет расплатиться без сдачи в день $i$. Это значит, что среди дней с первого по $i$-й Арсений должен хотя бы один раз расплатиться со сдачей. Но, независимо от того, какой это будет день, после $i$-го дня у него будет одно и то же число монет! Значит, выгодно расплатиться со сдачей в тот день, в который недовольство кассира будет минимально. Далее, продолжим опять расплачиваться без сдачи, пока можем. Если в день $j$ Арсений опять не может расплатиться без сдачи, то среди дней с первого по $j$-й должен быть еще один день, в который Арсений должен получить сдачу. По аналогичным соображениям можно выбрать такой день, в который недовольство кассира будет минимально (кроме дня, выбранного в первый раз). Продолжим повторять такие операции, пока не обработаем все дни.\r\n\r\nНаивная реализация такого процесса имеет асимптотику $O(n^2)$ и не укладывается в ограничение по времени, хотя и набирает больше баллов, чем предыдущее решение. Однако, используя некоторую структуру данных, которая позволяет добавлять элемент, находить минимум и удалять его за $O(\\log{n})$, например, кучу или двоичное дерево поиска, мы можем в процессе хранить в этой структуре все прошедшие дни, в которых мы расплатились без сдачи, и находить день с минимальным недовольством кассира быстрее, чем за $O(n)$. Итоговая асимптотика такого решения $O(n\\log{n})$, что позволяет получить полный балл."}