<?xml version="1.0" encoding="utf-8" standalone="no"?>
<problem revision="46" short-name="queue" url="https://polygon.codeforces.com/p/pkalinin/queue">
    <names>
        <name language="russian" value="Очередь"/>
    </names>
    <statements>
        <statement charset="UTF-8" language="russian" path="statements/russian/problem.tex" type="application/x-tex"/>
        <statement language="russian" path="statements/.pdf/russian/problem.pdf" type="application/pdf"/>
    </statements>
    <tutorials>
        <tutorial charset="UTF-8" language="russian" path="statements/russian/tutorial.tex" type="application/x-tex"/>
        <tutorial language="russian" path="statements/.pdf/russian/tutorial.pdf" type="application/pdf"/>
        <tutorial charset="UTF-8" language="russian" path="statements/.html/russian/tutorial.html" type="text/html"/>
    </tutorials>
    <judging cpu-name="Intel(R) Core(TM) i5-3470 CPU @ 3.20GHz" cpu-speed="3600" input-file="" output-file="">
        <testset name="tests_old">
            <time-limit>1000</time-limit>
            <memory-limit>268435456</memory-limit>
            <test-count>20</test-count>
            <input-path-pattern>tests_old/%02d</input-path-pattern>
            <answer-path-pattern>tests_old/%02d.a</answer-path-pattern>
            <tests>
                <test method="manual"/>
                <test method="manual"/>
                <test method="manual"/>
                <test cmd="gen 10 500 25 20 5 1" method="generated"/>
                <test cmd="gen 30 70 3 10 10 0" method="generated"/>
                <test cmd="gen2 61 1000 13 55 1" method="generated"/>
                <test method="manual"/>
                <test cmd="gen3 37 32 117 17" method="generated"/>
                <test cmd="gen 100000 173420 7700 30050 0 0" method="generated"/>
                <test cmd="gen 100000 315700 2000 12500 300 0" method="generated"/>
                <test cmd="gen 65200 1500000 8 25700 15293 1" method="generated"/>
                <test cmd="gen 1423 458127 500 10239 158 0" method="generated"/>
                <test cmd="gen2 10237 1000000000 17 20000 0" method="generated"/>
                <test cmd="gen 90575 537598 35 70774 117 0" method="generated"/>
                <test cmd="gen 1 70000 1000 100000 5000 0" method="generated"/>
                <test cmd="gen3 11470 100 50000 20000" method="generated"/>
                <test cmd="gen 974500 8474500 100 75000 75000 0" method="generated"/>
                <test cmd="gen 56347 1000000000 5 100000 100000 0" method="generated"/>
                <test cmd="gen2 34751 1000000000 1000 98123 0" method="generated"/>
                <test cmd="gen 800000000 900000000 100 80000 50000 1" method="generated"/>
            </tests>
        </testset>
        <testset name="tests">
            <time-limit>1000</time-limit>
            <memory-limit>268435456</memory-limit>
            <test-count>33</test-count>
            <input-path-pattern>tests/%02d</input-path-pattern>
            <answer-path-pattern>tests/%02d.a</answer-path-pattern>
            <tests>
                <test method="manual" sample="true"/>
                <test method="manual" sample="true"/>
                <test method="manual"/>
                <test method="manual"/>
                <test method="manual"/>
                <test cmd="gen_ll 10 200 25 20 5 1" method="generated"/>
                <test cmd="gen_ll 30 70 3 10 10 0" method="generated"/>
                <test cmd="gen2_ll 61 1000000000 13 55 1" method="generated"/>
                <test method="manual"/>
                <test cmd="gen_ll 56347000150 100000000000 500 100000 100000 0" method="generated"/>
                <test cmd="gen_eq_ll 30000000000 1000000000000 2 10000000000 100000" method="generated"/>
                <test cmd="gen3_ll 37 32 117 17" method="generated"/>
                <test cmd="gen4_ll 100000 173420 7700 30050 0 0" method="generated"/>
                <test cmd="gen_ll 100000 315700 2000 12500 300 0" method="generated"/>
                <test cmd="gen_ll 652003090 198696390 1000 35700 15293 0" method="generated"/>
                <test cmd="gen_ll 14230378 4581270378 500000 10239 158 0" method="generated"/>
                <test cmd="gen2 1023705070 1057696570 1700 20000 5000" method="generated"/>
                <test cmd="gen_ll 90575013 537598013 35000 70774 117 0" method="generated"/>
                <test cmd="gen4_ll 3 700000000 250000 100000 5000 0" method="generated"/>
                <test cmd="gen3_ll 11470000 50000 100000 20000" method="generated"/>
                <test cmd="gen_ll 974500000 8474500000 400000 75000 75000 0" method="generated"/>
                <test cmd="gen2_ll 347510170 1000000000000 10000000 98123 0" method="generated"/>
                <test cmd="gen_ll 800000000 900000000 100 80000 50000 1" method="generated"/>
                <test cmd="gen_ll 200000000000 200000000001 1000000 100000 20 0" method="generated"/>
                <test cmd="gen_ll 200000000000 100000000001 100000 100000 20 0" method="generated"/>
                <test method="manual"/>
                <test method="manual"/>
                <test cmd="gen_eq_ll 30000000 1000000000000 2 10000000 100000" method="generated"/>
                <test cmd="gen_dist_ll 50 1 10 20 2" method="generated"/>
                <test cmd="gen_dist_ll 5000 500 1000 2000 20" method="generated"/>
                <test cmd="gen_dist_ll 50000 5000 10000 500 -1" method="generated"/>
                <test cmd="gen_dist_ll 50000000 5000000 10000000 99990 305" method="generated"/>
                <test cmd="gen_dist_ll 100000 500000 8999999 100000 -1" method="generated"/>
            </tests>
        </testset>
        <testset name="pretests">
            <time-limit>1000</time-limit>
            <memory-limit>268435456</memory-limit>
            <test-count>11</test-count>
            <input-path-pattern>pretests/%02d</input-path-pattern>
            <answer-path-pattern>pretests/%02d.a</answer-path-pattern>
            <tests>
                <test method="manual"/>
                <test method="manual"/>
                <test method="manual"/>
                <test method="manual"/>
                <test method="manual"/>
                <test cmd="gen_ll 10 200 25 20 5 1" method="generated"/>
                <test cmd="gen_ll 30 70 3 10 10 0" method="generated"/>
                <test cmd="gen2_ll 61 1000000000 13 55 1" method="generated"/>
                <test method="manual"/>
                <test cmd="gen_ll 56347000150 100000000000 500 100000 100000 0" method="generated"/>
                <test cmd="gen_eq_ll 30000000000 1000000000000 2 10000000000 100000" method="generated"/>
            </tests>
        </testset>
    </judging>
    <files>
        <resources>
            <file path="files/olymp.sty"/>
            <file path="files/problem.tex"/>
            <file path="files/statements.ftl"/>
            <file path="files/testlib.h" type="h.g++"/>
            <file path="files/tutorial.tex"/>
        </resources>
        <executables>
            <executable>
                <source path="files/checker.cpp" type="cpp.g++"/>
                <binary path="files/checker.exe" type="exe.win32"/>
            </executable>
            <executable>
                <source path="files/checker_ll.cpp" type="cpp.g++"/>
                <binary path="files/checker_ll.exe" type="exe.win32"/>
            </executable>
            <executable>
                <source path="files/gen.cpp" type="cpp.g++"/>
                <binary path="files/gen.exe" type="exe.win32"/>
            </executable>
            <executable>
                <source path="files/gen2.cpp" type="cpp.g++"/>
                <binary path="files/gen2.exe" type="exe.win32"/>
            </executable>
            <executable>
                <source path="files/gen2_ll.cpp" type="cpp.g++"/>
                <binary path="files/gen2_ll.exe" type="exe.win32"/>
            </executable>
            <executable>
                <source path="files/gen3.cpp" type="cpp.g++"/>
                <binary path="files/gen3.exe" type="exe.win32"/>
            </executable>
            <executable>
                <source path="files/gen3_ll.cpp" type="cpp.g++"/>
                <binary path="files/gen3_ll.exe" type="exe.win32"/>
            </executable>
            <executable>
                <source path="files/gen4_ll.cpp" type="cpp.g++"/>
                <binary path="files/gen4_ll.exe" type="exe.win32"/>
            </executable>
            <executable>
                <source path="files/gen_dist_ll.cpp" type="cpp.g++11"/>
                <binary path="files/gen_dist_ll.exe" type="exe.win32"/>
            </executable>
            <executable>
                <source path="files/gen_eq_ll.cpp" type="cpp.g++11"/>
                <binary path="files/gen_eq_ll.exe" type="exe.win32"/>
            </executable>
            <executable>
                <source path="files/gen_for_stress.cpp" type="cpp.g++"/>
                <binary path="files/gen_for_stress.exe" type="exe.win32"/>
            </executable>
            <executable>
                <source path="files/gen_ll.cpp" type="cpp.g++11"/>
                <binary path="files/gen_ll.exe" type="exe.win32"/>
            </executable>
            <executable>
                <source path="files/validator.cpp" type="cpp.g++"/>
                <binary path="files/validator.exe" type="exe.win32"/>
            </executable>
            <executable>
                <source path="files/validator_ll.cpp" type="cpp.g++11"/>
                <binary path="files/validator_ll.exe" type="exe.win32"/>
            </executable>
        </executables>
    </files>
    <assets>
        <checker type="testlib">
            <source path="files/checker_ll.cpp" type="cpp.g++"/>
            <binary path="check.exe" type="exe.win32"/>
            <copy path="check.cpp" type="cpp.g++"/>
            <testset>
                <test-count>8</test-count>
                <input-path-pattern>files/tests/checker-tests/%02d</input-path-pattern>
                <output-path-pattern>files/tests/checker-tests/%02d.o</output-path-pattern>
                <answer-path-pattern>files/tests/checker-tests/%02d.a</answer-path-pattern>
                <tests>
                    <test verdict="ok"/>
                    <test verdict="wrong-answer"/>
                    <test verdict="crashed"/>
                    <test verdict="wrong-answer"/>
                    <test verdict="wrong-answer"/>
                    <test verdict="wrong-answer"/>
                    <test verdict="ok"/>
                    <test verdict="ok"/>
                </tests>
            </testset>
        </checker>
        <validators>
            <validator>
                <source path="files/validator_ll.cpp" type="cpp.g++11"/>
                <binary path="files/validator_ll.exe" type="exe.win32"/>
                <testset>
                    <test-count>15</test-count>
                    <input-path-pattern>files/tests/validator-tests/%02d</input-path-pattern>
                    <tests>
                        <test verdict="valid"/>
                        <test verdict="invalid"/>
                        <test verdict="invalid"/>
                        <test verdict="invalid"/>
                        <test verdict="invalid"/>
                        <test verdict="invalid"/>
                        <test verdict="invalid"/>
                        <test verdict="invalid"/>
                        <test verdict="valid"/>
                        <test verdict="invalid"/>
                        <test verdict="invalid"/>
                        <test verdict="valid"/>
                        <test verdict="valid"/>
                        <test verdict="invalid"/>
                        <test verdict="valid"/>
                    </tests>
                </testset>
            </validator>
        </validators>
        <solutions>
            <solution tag="accepted">
                <source path="solutions/mk_sol.cpp" type="cpp.g++11"/>
                <binary path="solutions/mk_sol.exe" type="exe.win32"/>
            </solution>
            <solution tag="accepted">
                <source path="solutions/nk_ok.cpp" type="cpp.g++11"/>
                <binary path="solutions/nk_ok.exe" type="exe.win32"/>
            </solution>
            <solution tag="wrong-answer">
                <source path="solutions/nk_wa_notlast.cpp" type="cpp.g++11"/>
                <binary path="solutions/nk_wa_notlast.exe" type="exe.win32"/>
            </solution>
            <solution tag="wrong-answer">
                <source path="solutions/nk_wa_wrong_inf.cpp" type="cpp.g++11"/>
                <binary path="solutions/nk_wa_wrong_inf.exe" type="exe.win32"/>
            </solution>
            <solution tag="main">
                <source path="solutions/queue_mm_ok.cpp" type="cpp.g++11"/>
                <binary path="solutions/queue_mm_ok.exe" type="exe.win32"/>
            </solution>
            <solution tag="time-limit-exceeded">
                <source path="solutions/queue_mm_sl.cpp" type="cpp.g++11"/>
                <binary path="solutions/queue_mm_sl.exe" type="exe.win32"/>
            </solution>
            <solution tag="rejected">
                <source path="solutions/queue_mm_sl_1.cpp" type="cpp.g++11"/>
                <binary path="solutions/queue_mm_sl_1.exe" type="exe.win32"/>
            </solution>
            <solution tag="rejected">
                <source path="solutions/queue_mm_sl_wa_overflow.cpp" type="cpp.g++11"/>
                <binary path="solutions/queue_mm_sl_wa_overflow.exe" type="exe.win32"/>
            </solution>
            <solution tag="time-limit-exceeded">
                <source path="solutions/queue_mm_stupid_no_sort.cpp" type="cpp.g++11"/>
                <binary path="solutions/queue_mm_stupid_no_sort.exe" type="exe.win32"/>
            </solution>
            <solution tag="time-limit-exceeded">
                <source path="solutions/queue_mm_stupid_no_sort_0.cpp" type="cpp.g++11"/>
                <binary path="solutions/queue_mm_stupid_no_sort_0.exe" type="exe.win32"/>
            </solution>
            <solution tag="wrong-answer">
                <source path="solutions/queue_mm_tl.cpp" type="cpp.g++11"/>
                <binary path="solutions/queue_mm_tl.exe" type="exe.win32"/>
            </solution>
            <solution tag="wrong-answer">
                <source path="solutions/queue_mm_wa.cpp" type="cpp.g++11"/>
                <binary path="solutions/queue_mm_wa.exe" type="exe.win32"/>
            </solution>
            <solution tag="wrong-answer">
                <source path="solutions/queue_pk_canbelate.cpp" type="cpp.g++11"/>
                <binary path="solutions/queue_pk_canbelate.exe" type="exe.win32"/>
            </solution>
            <solution tag="accepted">
                <source path="solutions/queue_pk_full.cpp" type="cpp.g++11"/>
                <binary path="solutions/queue_pk_full.exe" type="exe.win32"/>
            </solution>
            <solution tag="wrong-answer">
                <source path="solutions/queue_pk_noTs.cpp" type="cpp.g++11"/>
                <binary path="solutions/queue_pk_noTs.exe" type="exe.win32"/>
            </solution>
            <solution tag="wrong-answer">
                <source path="solutions/queue_pk_not_last.cpp" type="cpp.g++11"/>
                <binary path="solutions/queue_pk_not_last.exe" type="exe.win32"/>
            </solution>
            <solution tag="wrong-answer">
                <source path="solutions/queue_pk_not_verylast.cpp" type="cpp.g++11"/>
                <binary path="solutions/queue_pk_not_verylast.exe" type="exe.win32"/>
            </solution>
            <solution tag="time-limit-exceeded">
                <source path="solutions/queue_pk_stupid.cpp" type="cpp.g++11"/>
                <binary path="solutions/queue_pk_stupid.exe" type="exe.win32"/>
            </solution>
            <solution tag="rejected">
                <source path="solutions/queue_pk_stupid_noTs.cpp" type="cpp.g++11"/>
                <binary path="solutions/queue_pk_stupid_noTs.exe" type="exe.win32"/>
            </solution>
            <solution tag="rejected">
                <source path="solutions/queue_pk_stupidwrong_canbelate.cpp" type="cpp.g++11"/>
                <binary path="solutions/queue_pk_stupidwrong_canbelate.exe" type="exe.win32"/>
            </solution>
            <solution tag="rejected">
                <source path="solutions/queue_pk_stupidwrong_canbelate2.cpp" type="cpp.g++11"/>
                <binary path="solutions/queue_pk_stupidwrong_canbelate2.exe" type="exe.win32"/>
            </solution>
            <solution tag="time-limit-exceeded">
                <source path="solutions/queue_pk_verystupid.cpp" type="cpp.g++11"/>
                <binary path="solutions/queue_pk_verystupid.exe" type="exe.win32"/>
            </solution>
            <solution tag="wrong-answer">
                <source path="solutions/queue_pk_wa_nozero.cpp" type="cpp.g++11"/>
                <binary path="solutions/queue_pk_wa_nozero.exe" type="exe.win32"/>
            </solution>
            <solution tag="wrong-answer">
                <source path="solutions/queue_pk_wait0.cpp" type="cpp.g++11"/>
                <binary path="solutions/queue_pk_wait0.exe" type="exe.win32"/>
            </solution>
            <solution tag="rejected">
                <source path="solutions/queue_pk_wrong_assign.cpp" type="cpp.g++11"/>
                <binary path="solutions/queue_pk_wrong_assign.exe" type="exe.win32"/>
            </solution>
        </solutions>
    </assets>
    <properties>
        <property name="tests-wellformed" value="true"/>
    </properties>
    <stresses>
        <stress-count>1</stress-count>
        <stress-path-pattern>stresses/%03d</stress-path-pattern>
        <list>
            <stress index="1" path="stresses/001"/>
        </list>
    </stresses>
    <documents>
        <document path="documents/description.txt" type="text/plain"/>
    </documents>
    <tags>
        <tag value="nnoi"/>
        <tag value="nnoi-2017"/>
        <tag value="nnoi-develop"/>
    </tags>
</problem>
