<?xml version="1.0" encoding="utf-8" standalone="no"?>
<problem revision="33" short-name="tree-cut" url="https://polygon.codeforces.com/p/pkalinin/tree-cut">
    <names>
        <name language="russian" value="Гирлянда"/>
    </names>
    <statements>
        <statement charset="UTF-8" language="russian" path="statements/russian/problem.tex" type="application/x-tex"/>
        <statement language="russian" path="statements/.pdf/russian/problem.pdf" type="application/pdf"/>
    </statements>
    <tutorials>
        <tutorial charset="UTF-8" language="russian" path="statements/russian/tutorial.tex" type="application/x-tex"/>
        <tutorial language="russian" path="statements/.pdf/russian/tutorial.pdf" type="application/pdf"/>
        <tutorial charset="UTF-8" language="russian" path="statements/.html/russian/tutorial.html" type="text/html"/>
    </tutorials>
    <judging cpu-name="Intel(R) Core(TM) i5-3470 CPU @ 3.20GHz" cpu-speed="3600" input-file="" output-file="">
        <testset name="tests">
            <time-limit>2000</time-limit>
            <memory-limit>268435456</memory-limit>
            <test-count>32</test-count>
            <input-path-pattern>tests/%02d</input-path-pattern>
            <answer-path-pattern>tests/%02d.a</answer-path-pattern>
            <tests>
                <test group="0" method="manual" sample="true"/>
                <test group="0" method="manual" sample="true"/>
                <test group="1" method="manual"/>
                <test group="1" method="manual"/>
                <test cmd="gen_positive 5" group="1" method="generated"/>
                <test cmd="gen_positive 10" group="1" method="generated"/>
                <test cmd="gen_positive 49" group="1" method="generated"/>
                <test cmd="gen_positive 121" group="1" method="generated"/>
                <test cmd="gen_positive 545" group="1" method="generated"/>
                <test cmd="gen_positive 1403" group="1" method="generated"/>
                <test cmd="gen_positive 6347" group="1" method="generated"/>
                <test cmd="gen_positive 12435" group="1" method="generated"/>
                <test cmd="gen_positive 19237" group="1" method="generated"/>
                <test cmd="gen_positive 37796 1" group="2" method="generated"/>
                <test cmd="gen_positive 123230" group="2" method="generated"/>
                <test cmd="gen_positive 623896" group="2" method="generated"/>
                <test cmd="gen_positive 847180" group="2" method="generated"/>
                <test cmd="gen_positive 1000000" group="2" method="generated"/>
                <test cmd="gen 1 6159" group="1" method="generated"/>
                <test cmd="gen 1 15619 1" group="1" method="generated"/>
                <test cmd="gen 1 100000" group="3" method="generated"/>
                <test cmd="gen 1 400000" group="3" method="generated"/>
                <test cmd="gen 1 600000" group="3" method="generated"/>
                <test cmd="gen 1 900000" group="3" method="generated"/>
                <test cmd="gen 1 1000000" group="3" method="generated"/>
                <test cmd="gen 2 17716 1" group="1" method="generated"/>
                <test cmd="gen 2 12873" group="1" method="generated"/>
                <test cmd="gen 2 400000" group="3" method="generated"/>
                <test cmd="gen 2 900000" group="3" method="generated"/>
                <test cmd="gen 2 1000000" group="3" method="generated"/>
                <test cmd="gen_special 1 1000000" group="3" method="generated"/>
                <test cmd="gen_special 2 1000000" group="3" method="generated"/>
            </tests>
        </testset>
    </judging>
    <files>
        <resources>
            <file path="files/olymp.sty"/>
            <file path="files/problem.tex"/>
            <file path="files/statements.ftl"/>
            <file path="files/testlib.h" type="h.g++"/>
            <file path="files/tutorial.tex"/>
        </resources>
        <executables>
            <executable>
                <source path="files/checker.cpp" type="cpp.g++11"/>
                <binary path="files/checker.exe" type="exe.win32"/>
            </executable>
            <executable>
                <source path="files/gen.cpp" type="cpp.g++11"/>
                <binary path="files/gen.exe" type="exe.win32"/>
            </executable>
            <executable>
                <source path="files/gen_positive.cpp" type="cpp.g++11"/>
                <binary path="files/gen_positive.exe" type="exe.win32"/>
            </executable>
            <executable>
                <source path="files/gen_special.cpp" type="cpp.g++"/>
                <binary path="files/gen_special.exe" type="exe.win32"/>
            </executable>
            <executable>
                <source path="files/validator.cpp" type="cpp.g++11"/>
                <binary path="files/validator.exe" type="exe.win32"/>
            </executable>
        </executables>
    </files>
    <assets>
        <checker type="testlib">
            <source path="files/checker.cpp" type="cpp.g++11"/>
            <binary path="check.exe" type="exe.win32"/>
            <copy path="check.cpp" type="cpp.g++11"/>
            <testset>
                <test-count>13</test-count>
                <input-path-pattern>files/tests/checker-tests/%02d</input-path-pattern>
                <output-path-pattern>files/tests/checker-tests/%02d.o</output-path-pattern>
                <answer-path-pattern>files/tests/checker-tests/%02d.a</answer-path-pattern>
                <tests>
                    <test verdict="crashed"/>
                    <test verdict="crashed"/>
                    <test verdict="presentation-error"/>
                    <test verdict="presentation-error"/>
                    <test verdict="presentation-error"/>
                    <test verdict="crashed"/>
                    <test verdict="wrong-answer"/>
                    <test verdict="crashed"/>
                    <test verdict="ok"/>
                    <test verdict="crashed"/>
                    <test verdict="ok"/>
                    <test verdict="crashed"/>
                    <test verdict="wrong-answer"/>
                </tests>
            </testset>
        </checker>
        <validators>
            <validator>
                <source path="files/validator.cpp" type="cpp.g++11"/>
                <binary path="files/validator.exe" type="exe.win32"/>
                <testset>
                    <test-count>6</test-count>
                    <input-path-pattern>files/tests/validator-tests/%02d</input-path-pattern>
                    <tests>
                        <test verdict="invalid"/>
                        <test verdict="invalid"/>
                        <test verdict="invalid"/>
                        <test verdict="invalid"/>
                        <test verdict="valid"/>
                        <test verdict="invalid"/>
                    </tests>
                </testset>
            </validator>
        </validators>
        <solutions>
            <solution tag="wrong-answer">
                <source path="solutions/dk_dummy_minus_one_always.cpp" type="cpp.g++"/>
                <binary path="solutions/dk_dummy_minus_one_always.exe" type="exe.win32"/>
            </solution>
            <solution tag="main">
                <source path="solutions/dk_n.cpp" type="cpp.g++11"/>
                <binary path="solutions/dk_n.exe" type="exe.win32"/>
            </solution>
            <solution tag="time-limit-exceeded">
                <source path="solutions/dk_n2.cpp" type="cpp.g++11"/>
                <binary path="solutions/dk_n2.exe" type="exe.win32"/>
            </solution>
            <solution tag="rejected">
                <source path="solutions/dk_n2_assert.cpp" type="cpp.g++11"/>
                <binary path="solutions/dk_n2_assert.exe" type="exe.win32"/>
            </solution>
            <solution tag="time-limit-exceeded">
                <source path="solutions/dk_n2_smart.cpp" type="cpp.g++11"/>
                <binary path="solutions/dk_n2_smart.exe" type="exe.win32"/>
            </solution>
            <solution tag="rejected">
                <source path="solutions/dk_n2_smart_only_first_type.cpp" type="cpp.g++11"/>
                <binary path="solutions/dk_n2_smart_only_first_type.exe" type="exe.win32"/>
            </solution>
            <solution tag="rejected">
                <source path="solutions/dk_n2_smart_only_second_type.cpp" type="cpp.g++11"/>
                <binary path="solutions/dk_n2_smart_only_second_type.exe" type="exe.win32"/>
            </solution>
            <solution tag="wrong-answer">
                <source path="solutions/dk_n_only_first_type.cpp" type="cpp.g++11"/>
                <binary path="solutions/dk_n_only_first_type.exe" type="exe.win32"/>
            </solution>
            <solution tag="rejected">
                <source path="solutions/dk_n_only_positive.cpp" type="cpp.g++11"/>
                <binary path="solutions/dk_n_only_positive.exe" type="exe.win32"/>
            </solution>
            <solution tag="wrong-answer">
                <source path="solutions/dk_n_only_second_type.cpp" type="cpp.g++11"/>
                <binary path="solutions/dk_n_only_second_type.exe" type="exe.win32"/>
            </solution>
            <solution tag="accepted">
                <source path="solutions/mk_sol.cpp" type="cpp.g++11"/>
                <binary path="solutions/mk_sol.exe" type="exe.win32"/>
            </solution>
            <solution tag="accepted">
                <source path="solutions/nk_ok.cpp" type="cpp.g++11"/>
                <binary path="solutions/nk_ok.exe" type="exe.win32"/>
            </solution>
            <solution tag="rejected">
                <source path="solutions/nk_tl_python.py" type="python.3"/>
                <binary path="solutions/nk_tl_python.pys3" type="pythonx.3"/>
            </solution>
            <solution tag="rejected">
                <source path="solutions/nk_wa_above.py" type="python.3"/>
                <binary path="solutions/nk_wa_above.pys3" type="pythonx.3"/>
            </solution>
            <solution tag="rejected">
                <source path="solutions/nk_wa_d3orans.cpp" type="cpp.g++11"/>
                <binary path="solutions/nk_wa_d3orans.exe" type="exe.win32"/>
            </solution>
            <solution tag="rejected">
                <source path="solutions/nk_wa_sumd3.py" type="python.3"/>
                <binary path="solutions/nk_wa_sumd3.pys3" type="pythonx.3"/>
            </solution>
        </solutions>
    </assets>
    <properties>
        <property name="tests-wellformed" value="true"/>
    </properties>
    <stresses>
        <stress-count>0</stress-count>
        <stress-path-pattern>stresses/%03d</stress-path-pattern>
        <list/>
    </stresses>
    <documents>
        <document path="documents/description.txt" type="text/plain"/>
    </documents>
    <tags>
        <tag value="dfs"/>
        <tag value="nnoi"/>
        <tag value="nnoi-2017"/>
        <tag value="nnoi-develop"/>
    </tags>
</problem>
