<?xml version="1.0" encoding="utf-8" standalone="no"?>
<problem revision="20" short-name="pie" url="https://polygon.codeforces.com/p15KBD4/pkalinin/pie">
    <names>
        <name language="russian" value="Котлета"/>
    </names>
    <statements>
        <statement charset="UTF-8" language="russian" path="statements/russian/problem.tex" type="application/x-tex"/>
        <statement language="russian" path="statements/.pdf/russian/problem.pdf" type="application/pdf"/>
        <statement charset="UTF-8" language="russian" path="statements/.html/russian/problem.html" type="text/html"/>
    </statements>
    <tutorials>
        <tutorial charset="UTF-8" language="russian" path="statements/russian/tutorial.tex" type="application/x-tex"/>
        <tutorial language="russian" path="statements/.pdf/russian/tutorial.pdf" type="application/pdf"/>
        <tutorial charset="UTF-8" language="russian" path="statements/.html/russian/tutorial.html" type="text/html"/>
    </tutorials>
    <judging cpu-name="Intel(R) Core(TM) i5-3470 CPU @ 3.20GHz" cpu-speed="3200" input-file="" output-file="">
        <testset name="tests">
            <time-limit>2000</time-limit>
            <memory-limit>268435456</memory-limit>
            <test-count>73</test-count>
            <input-path-pattern>tests/%02d</input-path-pattern>
            <answer-path-pattern>tests/%02d.a</answer-path-pattern>
            <tests>
                <test method="manual" sample="true"/>
                <test method="manual" sample="true"/>
                <test method="manual" sample="true"/>
                <test method="manual"/>
                <test method="manual"/>
                <test method="manual"/>
                <test method="manual"/>
                <test method="manual"/>
                <test cmd="genrandmask 10 5" method="generated"/>
                <test cmd="genrandmask 10 13" method="generated"/>
                <test cmd="genrandmask 100 10" method="generated"/>
                <test cmd="genrandmask 100 30" method="generated"/>
                <test cmd="genrandmask 100 50" method="generated"/>
                <test cmd="genrandmask 1000 10" method="generated"/>
                <test cmd="gen_binary 511 0" method="generated"/>
                <test cmd="genrandmask 1000 100" method="generated"/>
                <test method="manual"/>
                <test method="manual"/>
                <test method="manual"/>
                <test method="manual"/>
                <test method="manual"/>
                <test method="manual"/>
                <test method="manual"/>
                <test cmd="genrandmask 10000 10 782ac348fba11ba23db548604a4abbf6" method="generated"/>
                <test cmd="genrandmask 10000 100" method="generated"/>
                <test cmd="genrandmask 10000 12" method="generated"/>
                <test cmd="genrandmask 500000 10" method="generated"/>
                <test cmd="genrandmask 500000 100" method="generated"/>
                <test cmd="genrandmask 500000 20" method="generated"/>
                <test cmd="gen_binary 262143 0" method="generated"/>
                <test cmd="gen_binary 262143 0 shuffle" method="generated"/>
                <test cmd="gen_binary 262143 10" method="generated"/>
                <test cmd="gen_binary 262143 10 shuffle" method="generated"/>
                <test cmd="gen_linear 50 0" method="generated"/>
                <test cmd="gen_linear 50 0 shuffle" method="generated"/>
                <test cmd="gen_linear 50 10" method="generated"/>
                <test cmd="gen_linear 50 10 shuffle" method="generated"/>
                <test method="manual"/>
                <test method="manual"/>
                <test method="manual"/>
                <test method="manual"/>
                <test method="manual"/>
                <test method="manual"/>
                <test method="manual"/>
                <test method="manual"/>
                <test method="manual"/>
                <test method="manual"/>
                <test method="manual"/>
                <test method="manual"/>
                <test method="manual"/>
                <test method="manual"/>
                <test cmd="gen_bigsegs_onlyone 500000 5000 5000" method="generated"/>
                <test cmd="gen_equaldist 500000 5000 4999" method="generated"/>
                <test method="manual"/>
                <test method="manual"/>
                <test method="manual"/>
                <test method="manual"/>
                <test method="manual"/>
                <test method="manual"/>
                <test method="manual"/>
                <test method="manual"/>
                <test method="manual"/>
                <test method="manual"/>
                <test method="manual"/>
                <test method="manual"/>
                <test method="manual"/>
                <test method="manual"/>
                <test method="manual"/>
                <test method="manual"/>
                <test method="manual"/>
                <test method="manual"/>
                <test method="manual"/>
                <test method="manual"/>
            </tests>
        </testset>
    </judging>
    <files>
        <resources>
            <file path="files/olymp.sty"/>
            <file path="files/problem.tex"/>
            <file path="files/statements.ftl"/>
            <file path="files/testlib.h" type="h.g++"/>
            <file path="files/tutorial.tex"/>
        </resources>
        <executables>
            <executable>
                <source path="files/gen_bigsegs_onlyone.cpp" type="cpp.g++17"/>
                <binary path="files/gen_bigsegs_onlyone.exe" type="exe.win32"/>
            </executable>
            <executable>
                <source path="files/gen_binary.cpp" type="cpp.g++11"/>
                <binary path="files/gen_binary.exe" type="exe.win32"/>
            </executable>
            <executable>
                <source path="files/gen_equaldist.cpp" type="cpp.g++17"/>
                <binary path="files/gen_equaldist.exe" type="exe.win32"/>
            </executable>
            <executable>
                <source path="files/gen_linear.cpp" type="cpp.g++11"/>
                <binary path="files/gen_linear.exe" type="exe.win32"/>
            </executable>
            <executable>
                <source path="files/gen_onlyone.cpp" type="cpp.g++11"/>
                <binary path="files/gen_onlyone.exe" type="exe.win32"/>
            </executable>
            <executable>
                <source path="files/genrandmask.cpp" type="cpp.g++11"/>
                <binary path="files/genrandmask.exe" type="exe.win32"/>
            </executable>
            <executable>
                <source path="files/valid.cpp" type="cpp.g++17"/>
                <binary path="files/valid.exe" type="exe.win32"/>
            </executable>
        </executables>
    </files>
    <assets>
        <checker name="std::wcmp.cpp" type="testlib">
            <source path="files/check.cpp" type="cpp.g++"/>
            <binary path="check.exe" type="exe.win32"/>
            <copy path="check.cpp"/>
            <testset>
                <test-count>0</test-count>
                <input-path-pattern>files/tests/checker-tests/%02d</input-path-pattern>
                <output-path-pattern>files/tests/checker-tests/%02d.o</output-path-pattern>
                <answer-path-pattern>files/tests/checker-tests/%02d.a</answer-path-pattern>
                <tests/>
            </testset>
        </checker>
        <validators>
            <validator>
                <source path="files/valid.cpp" type="cpp.g++17"/>
                <binary path="files/valid.exe" type="exe.win32"/>
                <testset>
                    <test-count>5</test-count>
                    <input-path-pattern>files/tests/validator-tests/%02d</input-path-pattern>
                    <tests>
                        <test verdict="valid"/>
                        <test verdict="valid"/>
                        <test verdict="invalid"/>
                        <test verdict="invalid"/>
                        <test verdict="invalid"/>
                    </tests>
                </testset>
            </validator>
        </validators>
        <solutions>
            <solution tag="rejected">
                <source path="solutions/chk_group2.cpp" type="cpp.g++17"/>
                <binary path="solutions/chk_group2.exe" type="exe.win32"/>
            </solution>
            <solution tag="wrong-answer">
                <source path="solutions/nk_kis2.cpp" type="cpp.g++11"/>
                <binary path="solutions/nk_kis2.exe" type="exe.win32"/>
            </solution>
            <solution tag="time-limit-exceeded">
                <source path="solutions/nk_n2.cpp" type="cpp.g++17"/>
                <binary path="solutions/nk_n2.exe" type="exe.win32"/>
            </solution>
            <solution tag="time-limit-exceeded">
                <source path="solutions/nk_n2_from_nk.cpp" type="cpp.g++17"/>
                <binary path="solutions/nk_n2_from_nk.exe" type="exe.win32"/>
            </solution>
            <solution tag="rejected">
                <source path="solutions/nk_n2_with_kis2.cpp" type="cpp.g++17"/>
                <binary path="solutions/nk_n2_with_kis2.exe" type="exe.win32"/>
            </solution>
            <solution tag="time-limit-exceeded-or-accepted">
                <source path="solutions/nk_nk.cpp" type="cpp.g++17"/>
                <binary path="solutions/nk_nk.exe" type="exe.win32"/>
            </solution>
            <solution tag="main">
                <source path="solutions/nk_nk_fast.cpp" type="cpp.g++17"/>
                <binary path="solutions/nk_nk_fast.exe" type="exe.win32"/>
            </solution>
            <solution tag="rejected">
                <source path="solutions/nk_nk_nobiganswer.cpp" type="cpp.g++17"/>
                <binary path="solutions/nk_nk_nobiganswer.exe" type="exe.win32"/>
            </solution>
            <solution tag="time-limit-exceeded">
                <source path="solutions/nk_stupid.cpp" type="cpp.g++11"/>
                <binary path="solutions/nk_stupid.exe" type="exe.win32"/>
            </solution>
            <solution tag="time-limit-exceeded-or-accepted">
                <source path="solutions/ve_nklogk.cpp" type="cpp.g++17"/>
                <binary path="solutions/ve_nklogk.exe" type="exe.win32"/>
            </solution>
            <solution tag="time-limit-exceeded-or-accepted">
                <source path="solutions/ys_nklogn_segtree_bottom.cpp" type="cpp.g++17"/>
                <binary path="solutions/ys_nklogn_segtree_bottom.exe" type="exe.win32"/>
            </solution>
            <solution tag="time-limit-exceeded-or-accepted">
                <source path="solutions/ys_nklogn_segtree_top.cpp" type="cpp.g++17"/>
                <binary path="solutions/ys_nklogn_segtree_top.exe" type="exe.win32"/>
            </solution>
            <solution tag="time-limit-exceeded-or-accepted">
                <source path="solutions/ys_nklogn_sparse.cpp" type="cpp.g++17"/>
                <binary path="solutions/ys_nklogn_sparse.exe" type="exe.win32"/>
            </solution>
        </solutions>
    </assets>
    <properties>
        <property name="tests-wellformed" value="true"/>
    </properties>
    <stresses>
        <stress-count>10</stress-count>
        <stress-path-pattern>stresses/%03d</stress-path-pattern>
        <list>
            <stress index="10" path="stresses/010"/>
            <stress index="9" path="stresses/009"/>
            <stress index="8" path="stresses/008"/>
            <stress index="7" path="stresses/007"/>
            <stress index="6" path="stresses/006"/>
            <stress index="5" path="stresses/005"/>
            <stress index="4" path="stresses/004"/>
            <stress index="3" path="stresses/003"/>
            <stress index="2" path="stresses/002"/>
            <stress index="1" path="stresses/001"/>
        </list>
    </stresses>
    <documents>
        <document path="documents/description.txt" type="text/plain"/>
    </documents>
    <tags>
        <tag value="nnoi"/>
        <tag value="nnoi-develop"/>
        <tag value="nnoi2018"/>
    </tags>
</problem>
