<?xml version="1.0" encoding="utf-8" standalone="no"?>
<problem revision="15" short-name="hanoi" url="https://polygon.codeforces.com/p/pkalinin/hanoi">
    <names>
        <name language="russian" value="Снековик"/>
    </names>
    <statements>
        <statement charset="UTF-8" language="russian" path="statements/russian/problem.tex" type="application/x-tex"/>
        <statement language="russian" path="statements/.pdf/russian/problem.pdf" type="application/pdf"/>
    </statements>
    <tutorials>
        <tutorial charset="UTF-8" language="russian" path="statements/russian/tutorial.tex" type="application/x-tex"/>
        <tutorial language="russian" path="statements/.pdf/russian/tutorial.pdf" type="application/pdf"/>
        <tutorial charset="UTF-8" language="russian" path="statements/.html/russian/tutorial.html" type="text/html"/>
    </tutorials>
    <judging cpu-name="Intel(R) Core(TM) i5-3470 CPU @ 3.20GHz" cpu-speed="3200" input-file="" output-file="">
        <testset name="tests">
            <time-limit>2000</time-limit>
            <memory-limit>268435456</memory-limit>
            <test-count>21</test-count>
            <input-path-pattern>tests/%02d</input-path-pattern>
            <answer-path-pattern>tests/%02d.a</answer-path-pattern>
            <tests>
                <test method="manual" sample="true"/>
                <test method="manual"/>
                <test method="manual"/>
                <test method="manual"/>
                <test cmd="gen_rnd 10" method="generated"/>
                <test cmd="gen_rnd 30" method="generated"/>
                <test cmd="gen_rnd 100" method="generated"/>
                <test cmd="gen_rnd 300" method="generated"/>
                <test cmd="gen_rnd 1000" method="generated"/>
                <test cmd="gen_rnd 3000" method="generated"/>
                <test cmd="gen_rnd 10000" method="generated"/>
                <test cmd="gen_rnd 30000" method="generated"/>
                <test cmd="gen_rnd 99999 a" method="generated"/>
                <test cmd="gen_rnd 100000 a" method="generated"/>
                <test cmd="gen_rnd 99999 b" method="generated"/>
                <test cmd="gen_rnd 100000 b" method="generated"/>
                <test cmd="gen_rnd 100000 c" method="generated"/>
                <test cmd="gen_almost_decr 100000 0" method="generated"/>
                <test cmd="gen_almost_incr 100000 0" method="generated"/>
                <test cmd="gen_almost_decr 100000 100 a" method="generated"/>
                <test cmd="gen_almost_incr 100000 100 b" method="generated"/>
            </tests>
        </testset>
    </judging>
    <files>
        <resources>
            <file path="files/olymp.sty"/>
            <file path="files/problem.tex"/>
            <file path="files/statements.ftl"/>
            <file path="files/testlib.h" type="h.g++"/>
            <file path="files/tutorial.tex"/>
        </resources>
        <executables>
            <executable>
                <source path="files/check.cpp" type="cpp.g++"/>
                <binary path="files/check.exe" type="exe.win32"/>
            </executable>
            <executable>
                <source path="files/gen_almost_decr.cpp" type="cpp.g++"/>
                <binary path="files/gen_almost_decr.exe" type="exe.win32"/>
            </executable>
            <executable>
                <source path="files/gen_almost_incr.cpp" type="cpp.g++"/>
                <binary path="files/gen_almost_incr.exe" type="exe.win32"/>
            </executable>
            <executable>
                <source path="files/gen_rnd.cpp" type="cpp.g++"/>
                <binary path="files/gen_rnd.exe" type="exe.win32"/>
            </executable>
            <executable>
                <source path="files/validate.cpp" type="cpp.g++"/>
                <binary path="files/validate.exe" type="exe.win32"/>
            </executable>
        </executables>
    </files>
    <assets>
        <checker type="testlib">
            <source path="files/check.cpp" type="cpp.g++"/>
            <binary path="check.exe" type="exe.win32"/>
            <copy path="check.cpp" type="cpp.g++"/>
            <testset>
                <test-count>12</test-count>
                <input-path-pattern>files/tests/checker-tests/%02d</input-path-pattern>
                <output-path-pattern>files/tests/checker-tests/%02d.o</output-path-pattern>
                <answer-path-pattern>files/tests/checker-tests/%02d.a</answer-path-pattern>
                <tests>
                    <test verdict="ok"/>
                    <test verdict="wrong-answer"/>
                    <test verdict="presentation-error"/>
                    <test verdict="wrong-answer"/>
                    <test verdict="wrong-answer"/>
                    <test verdict="ok"/>
                    <test verdict="wrong-answer"/>
                    <test verdict="wrong-answer"/>
                    <test verdict="presentation-error"/>
                    <test verdict="wrong-answer"/>
                    <test verdict="wrong-answer"/>
                    <test verdict="ok"/>
                </tests>
            </testset>
        </checker>
        <validators>
            <validator>
                <source path="files/validate.cpp" type="cpp.g++"/>
                <binary path="files/validate.exe" type="exe.win32"/>
                <testset>
                    <test-count>13</test-count>
                    <input-path-pattern>files/tests/validator-tests/%02d</input-path-pattern>
                    <tests>
                        <test verdict="valid"/>
                        <test verdict="invalid"/>
                        <test verdict="invalid"/>
                        <test verdict="valid"/>
                        <test verdict="valid"/>
                        <test verdict="invalid"/>
                        <test verdict="invalid"/>
                        <test verdict="invalid"/>
                        <test verdict="invalid"/>
                        <test verdict="invalid"/>
                        <test verdict="valid"/>
                        <test verdict="invalid"/>
                        <test verdict="invalid"/>
                    </tests>
                </testset>
            </validator>
        </validators>
        <solutions>
            <solution tag="time-limit-exceeded-or-accepted">
                <source path="solutions/hanoy_mm_ok_cin.cpp" type="cpp.g++"/>
                <binary path="solutions/hanoy_mm_ok_cin.exe" type="exe.win32"/>
            </solution>
            <solution tag="accepted">
                <source path="solutions/hanoy_mm_ok_scanf.cpp" type="cpp.g++11"/>
                <binary path="solutions/hanoy_mm_ok_scanf.exe" type="exe.win32"/>
            </solution>
            <solution tag="accepted">
                <source path="solutions/nk_ok.cpp" type="cpp.g++11"/>
                <binary path="solutions/nk_ok.exe" type="exe.win32"/>
            </solution>
            <solution tag="accepted">
                <source path="solutions/sol_mk.cpp" type="cpp.g++11"/>
                <binary path="solutions/sol_mk.exe" type="exe.win32"/>
            </solution>
            <solution tag="accepted">
                <source path="solutions/sol_model.pas" type="pas.fpc"/>
                <binary path="solutions/sol_model.exe" type="exe.win32"/>
            </solution>
            <solution tag="main">
                <source path="solutions/sol_pk.py" type="python.3"/>
                <binary path="solutions/sol_pk.pys3" type="pythonx.3"/>
            </solution>
            <solution tag="time-limit-exceeded">
                <source path="solutions/sol_pk_n2.pas" type="pas.fpc"/>
                <binary path="solutions/sol_pk_n2.exe" type="exe.win32"/>
            </solution>
            <solution tag="wrong-answer">
                <source path="solutions/sol_pk_wrong_skip_nl.py" type="python.3"/>
                <binary path="solutions/sol_pk_wrong_skip_nl.pys3" type="pythonx.3"/>
            </solution>
        </solutions>
    </assets>
    <properties>
        <property name="tests-wellformed" value="true"/>
    </properties>
    <stresses>
        <stress-count>0</stress-count>
        <stress-path-pattern>stresses/%03d</stress-path-pattern>
        <list/>
    </stresses>
    <documents>
        <document path="documents/description.txt" type="text/plain"/>
    </documents>
    <tags>
        <tag value="nnoi"/>
        <tag value="nnoi-2017"/>
        <tag value="nnoi-develop"/>
    </tags>
</problem>
