<?xml version="1.0" encoding="utf-8" standalone="no"?>
<contest url="https://polygon.codeforces.com/c/5021">
    <names>
        <name language="russian" value="XIII Городская олимпиада школьников по информатике им. В.~Д. Лелюха"/>
    </names>
    <problems>
        <problem index="b" url="https://polygon.codeforces.com/p/pkalinin/best-before"/>
        <problem index="c" url="https://polygon.codeforces.com/p/pkalinin/goto-center"/>
        <problem index="d" url="https://polygon.codeforces.com/p/pkalinin/hanoi"/>
        <problem index="e" url="https://polygon.codeforces.com/p/pkalinin/no-change"/>
        <problem index="f" url="https://polygon.codeforces.com/p/pkalinin/queue"/>
        <problem index="g" url="https://polygon.codeforces.com/p/pkalinin/tree-cut"/>
    </problems>
</contest>
