<?xml version="1.0" encoding="utf-8" standalone="no"?>
<contest url="https://polygon.codeforces.com/c/7322">
    <names>
        <name language="russian" value="XIV Городская олимпиада школьников по информатике им. В.~Д. Лелюха"/>
    </names>
    <statements>
        <statement language="russian" type="application/pdf" url="https://polygon.codeforces.com/c/7322/russian/statements.pdf"/>
    </statements>
    <problems>
        <problem index="a" url="https://polygon.codeforces.com/p/pkalinin/divide-to-three"/>
        <problem index="b" url="https://polygon.codeforces.com/p3GDKt8/pkalinin/max-multiple"/>
        <problem index="c" url="https://polygon.codeforces.com/p0nFztO/pkalinin/conference"/>
        <problem index="f" url="https://polygon.codeforces.com/p/pkalinin/string-dist"/>
        <problem index="i" url="https://polygon.codeforces.com/p15KBD4/pkalinin/pie"/>
        <problem index="j" url="https://polygon.codeforces.com/p3Yg52M/kuzmichev_dima/maximum-in-set"/>
    </problems>
</contest>
