<problem id="ru.nnov.nnoi.6.E">
  <name value="escape" />
  <judging>
    <script type="%ioi">
      <verifier type="%testlib">
        <binary executable-id="x86.exe.win32" href="test.exe" />
      </verifier>
      <testset
         input-name="escape.in"
         output-name="escape.out"
         input-href="##"
         answer-href="##.a"
         time-limit="1000ms"
         memory-limit="128Mb"
      >
        <test points="2" />
        <test points="2" />
        <test points="3" />
        <test points="3" />
        <test points="4" />
        <test points="4" />
        <test points="4" />
        <test points="5" />
        <test points="5" />
        <test points="5" />
        <test points="5" />
        <test points="5" />
        <test points="5" />
        <test points="5" />
        <test points="8" />
        <test points="7" />
        <test points="7" />
        <test points="7" />
        <test points="7" />
        <test points="7" />
      </testset>
    </script>
  </judging>
</problem>
