<?xml version="1.0" encoding="Windows-1251"?>
<testing-report version="2.0" points="0" max="100" outcome="accepted" gtid="20110203161414022658923243">
  <solution problem="6" problem-name="Triangle" problem-type="P" contestant="L17" time-limit="1000" memory-limit="134217728"/>
  <compiling outcome="compiled-not-tested" command-line="fpc -O2 -Mdelphi sol.pp " compiler-output=""/>
  <testing>
    <results>
      <test id="1" outcome="memory-limit-exceeded" points="0" max-points="1" comment="Memory limit exceeded" eval-comment="" time="0.015" mem="401018880"/>
      <test id="2" outcome="memory-limit-exceeded" points="0" max-points="1" comment="Memory limit exceeded" eval-comment="" time="0.015" mem="401018880"/>
      <test id="3" outcome="memory-limit-exceeded" points="0" max-points="1" comment="Memory limit exceeded" eval-comment="" time="0.015" mem="401018880"/>
      <test id="4" outcome="memory-limit-exceeded" points="0" max-points="3" comment="Memory limit exceeded" eval-comment="" time="0.015" mem="401018880"/>
      <test id="5" outcome="memory-limit-exceeded" points="0" max-points="3" comment="Memory limit exceeded" eval-comment="" time="0.015" mem="401018880"/>
      <test id="6" outcome="memory-limit-exceeded" points="0" max-points="3" comment="Memory limit exceeded" eval-comment="" time="0.015" mem="401018880"/>
      <test id="7" outcome="memory-limit-exceeded" points="0" max-points="3" comment="Memory limit exceeded" eval-comment="" time="0.015" mem="401018880"/>
      <test id="8" outcome="memory-limit-exceeded" points="0" max-points="3" comment="Memory limit exceeded" eval-comment="" time="0.015" mem="401018880"/>
      <test id="9" outcome="memory-limit-exceeded" points="0" max-points="8" comment="Memory limit exceeded" eval-comment="" time="0.015" mem="401018880"/>
      <test id="10" outcome="memory-limit-exceeded" points="0" max-points="8" comment="Memory limit exceeded" eval-comment="" time="0.015" mem="401018880"/>
      <test id="11" outcome="memory-limit-exceeded" points="0" max-points="8" comment="Memory limit exceeded" eval-comment="" time="0.015" mem="401018880"/>
      <test id="12" outcome="memory-limit-exceeded" points="0" max-points="3" comment="Memory limit exceeded" eval-comment="" time="0.015" mem="401018880"/>
      <test id="13" outcome="memory-limit-exceeded" points="0" max-points="5" comment="Memory limit exceeded" eval-comment="" time="0.015" mem="401018880"/>
      <test id="14" outcome="memory-limit-exceeded" points="0" max-points="6" comment="Memory limit exceeded" eval-comment="" time="0.015" mem="401018880"/>
      <test id="15" outcome="memory-limit-exceeded" points="0" max-points="8" comment="Memory limit exceeded" eval-comment="" time="0.015" mem="401018880"/>
      <test id="16" outcome="memory-limit-exceeded" points="0" max-points="6" comment="Memory limit exceeded" eval-comment="" time="0.015" mem="401018880"/>
      <test id="17" outcome="memory-limit-exceeded" points="0" max-points="8" comment="Memory limit exceeded" eval-comment="" time="0.015" mem="401018880"/>
      <test id="18" outcome="memory-limit-exceeded" points="0" max-points="6" comment="Memory limit exceeded" eval-comment="" time="0.015" mem="401018880"/>
      <test id="19" outcome="memory-limit-exceeded" points="0" max-points="8" comment="Memory limit exceeded" eval-comment="" time="0.015" mem="401018880"/>
      <test id="20" outcome="memory-limit-exceeded" points="0" max-points="8" comment="Memory limit exceeded" eval-comment="" time="0.015" mem="401018880"/>
    </results>
  </testing>
</testing-report>
