<?xml version="1.0" encoding="Windows-1251"?>
<testing-report version="2.0" points="100" max="100" outcome="accepted" gtid="20110203161415023536474449">
  <solution problem="6" problem-name="Triangle" problem-type="P" contestant="N17" time-limit="1000" memory-limit="134217728"/>
  <compiling outcome="compiled-not-tested" command-line="fpc -O2 -Mdelphi sol.pp " compiler-output=""/>
  <testing>
    <results>
      <test id="1" outcome="accepted" points="1" max-points="1" comment="no" eval-comment="" time="0.015" mem="462848"/>
      <test id="2" outcome="accepted" points="1" max-points="1" comment="N=3" eval-comment="" time="0.015" mem="462848"/>
      <test id="3" outcome="accepted" points="1" max-points="1" comment="N=3" eval-comment="" time="0.015" mem="462848"/>
      <test id="4" outcome="accepted" points="3" max-points="3" comment="no" eval-comment="" time="0.015" mem="462848"/>
      <test id="5" outcome="accepted" points="3" max-points="3" comment="no" eval-comment="" time="0.015" mem="462848"/>
      <test id="6" outcome="accepted" points="3" max-points="3" comment="N=4" eval-comment="" time="0.031" mem="462848"/>
      <test id="7" outcome="accepted" points="3" max-points="3" comment="no" eval-comment="" time="0.015" mem="462848"/>
      <test id="8" outcome="accepted" points="3" max-points="3" comment="no" eval-comment="" time="0.015" mem="462848"/>
      <test id="9" outcome="accepted" points="8" max-points="8" comment="N=1000" eval-comment="" time="0.015" mem="462848"/>
      <test id="10" outcome="accepted" points="8" max-points="8" comment="N=10000" eval-comment="" time="0.015" mem="462848"/>
      <test id="11" outcome="accepted" points="8" max-points="8" comment="N=16000" eval-comment="" time="0.031" mem="462848"/>
      <test id="12" outcome="accepted" points="3" max-points="3" comment="no" eval-comment="" time="0.015" mem="462848"/>
      <test id="13" outcome="accepted" points="5" max-points="5" comment="N=1000" eval-comment="" time="0.015" mem="462848"/>
      <test id="14" outcome="accepted" points="6" max-points="6" comment="N=16000" eval-comment="" time="0.031" mem="462848"/>
      <test id="15" outcome="accepted" points="8" max-points="8" comment="N=10001" eval-comment="" time="0.015" mem="462848"/>
      <test id="16" outcome="accepted" points="6" max-points="6" comment="N=16000" eval-comment="" time="0.015" mem="462848"/>
      <test id="17" outcome="accepted" points="8" max-points="8" comment="N=15997" eval-comment="" time="0.015" mem="462848"/>
      <test id="18" outcome="accepted" points="6" max-points="6" comment="N=16000" eval-comment="" time="0.031" mem="462848"/>
      <test id="19" outcome="accepted" points="8" max-points="8" comment="N=15997" eval-comment="" time="0.015" mem="462848"/>
      <test id="20" outcome="accepted" points="8" max-points="8" comment="N=16000" eval-comment="" time="0.031" mem="462848"/>
    </results>
  </testing>
</testing-report>
