<?xml version="1.0" encoding="Windows-1251"?>
<testing-report version="2.0" points="0" max="100" outcome="accepted" gtid="20110203161415023848129706">
  <solution problem="6" problem-name="Triangle" problem-type="P" contestant="N23" time-limit="1000" memory-limit="134217728"/>
  <compiling outcome="compiled-not-tested" command-line="bpc.exe sol.pas " compiler-output="Borland Pascal  Version 7.0  Copyright (c) 1983,92 Borland International&#13;&#10;SOL.PAS(27)&#13;&#10;27 lines, 2576 bytes code, 65520 bytes data.&#13;&#10;"/>
  <testing>
    <results>
      <test id="1" outcome="time-limit-exceeded" points="0" max-points="1" comment="Time limit exceeded" eval-comment="" time="1.062" mem="1200128"/>
      <test id="2" outcome="time-limit-exceeded" points="0" max-points="1" comment="Time limit exceeded" eval-comment="" time="1.046" mem="1200128"/>
      <test id="3" outcome="time-limit-exceeded" points="0" max-points="1" comment="Time limit exceeded" eval-comment="" time="1.046" mem="1200128"/>
      <test id="4" outcome="time-limit-exceeded" points="0" max-points="3" comment="Time limit exceeded" eval-comment="" time="1.046" mem="1200128"/>
      <test id="5" outcome="time-limit-exceeded" points="0" max-points="3" comment="Time limit exceeded" eval-comment="" time="1.046" mem="1200128"/>
      <test id="6" outcome="time-limit-exceeded" points="0" max-points="3" comment="Time limit exceeded" eval-comment="" time="1.046" mem="1200128"/>
      <test id="7" outcome="time-limit-exceeded" points="0" max-points="3" comment="Time limit exceeded" eval-comment="" time="1.046" mem="1200128"/>
      <test id="8" outcome="time-limit-exceeded" points="0" max-points="3" comment="Time limit exceeded" eval-comment="" time="1.046" mem="1200128"/>
      <test id="9" outcome="time-limit-exceeded" points="0" max-points="8" comment="Time limit exceeded" eval-comment="" time="1.062" mem="1200128"/>
      <test id="10" outcome="time-limit-exceeded" points="0" max-points="8" comment="Time limit exceeded" eval-comment="" time="1.046" mem="1200128"/>
      <test id="11" outcome="time-limit-exceeded" points="0" max-points="8" comment="Time limit exceeded" eval-comment="" time="1.062" mem="1200128"/>
      <test id="12" outcome="time-limit-exceeded" points="0" max-points="3" comment="Time limit exceeded" eval-comment="" time="1.046" mem="1200128"/>
      <test id="13" outcome="time-limit-exceeded" points="0" max-points="5" comment="Time limit exceeded" eval-comment="" time="1.046" mem="1200128"/>
      <test id="14" outcome="time-limit-exceeded" points="0" max-points="6" comment="Time limit exceeded" eval-comment="" time="1.046" mem="1200128"/>
      <test id="15" outcome="time-limit-exceeded" points="0" max-points="8" comment="Time limit exceeded" eval-comment="" time="1.046" mem="1200128"/>
      <test id="16" outcome="time-limit-exceeded" points="0" max-points="6" comment="Time limit exceeded" eval-comment="" time="1.046" mem="1200128"/>
      <test id="17" outcome="time-limit-exceeded" points="0" max-points="8" comment="Time limit exceeded" eval-comment="" time="1.046" mem="1200128"/>
      <test id="18" outcome="time-limit-exceeded" points="0" max-points="6" comment="Time limit exceeded" eval-comment="" time="1.046" mem="1200128"/>
      <test id="19" outcome="time-limit-exceeded" points="0" max-points="8" comment="Time limit exceeded" eval-comment="" time="1.046" mem="1200128"/>
      <test id="20" outcome="time-limit-exceeded" points="0" max-points="8" comment="Time limit exceeded" eval-comment="" time="1.046" mem="1200128"/>
    </results>
  </testing>
</testing-report>
