<?xml version="1.0" encoding="utf-8" standalone="no"?>
<problem revision="16" short-name="no-change" url="https://polygon.codeforces.com/p/pkalinin/no-change">
    <names>
        <name language="russian" value="Поищите без сдачи!"/>
    </names>
    <statements>
        <statement charset="UTF-8" language="russian" path="statements/russian/problem.tex" type="application/x-tex"/>
        <statement language="russian" path="statements/.pdf/russian/problem.pdf" type="application/pdf"/>
    </statements>
    <tutorials>
        <tutorial charset="UTF-8" language="russian" path="statements/russian/tutorial.tex" type="application/x-tex"/>
        <tutorial language="russian" path="statements/.pdf/russian/tutorial.pdf" type="application/pdf"/>
        <tutorial charset="UTF-8" language="russian" path="statements/.html/russian/tutorial.html" type="text/html"/>
    </tutorials>
    <judging cpu-name="Intel(R) Core(TM) i5-3470 CPU @ 3.20GHz" cpu-speed="3200" input-file="" output-file="">
        <testset name="tests">
            <time-limit>2000</time-limit>
            <memory-limit>268435456</memory-limit>
            <test-count>53</test-count>
            <input-path-pattern>tests/%02d</input-path-pattern>
            <answer-path-pattern>tests/%02d.a</answer-path-pattern>
            <tests>
                <test group="0" method="manual" sample="true"/>
                <test group="0" method="manual" sample="true"/>
                <test group="0" method="manual" sample="true"/>
                <test cmd="genrand 5 100 100 10" group="1" method="generated"/>
                <test cmd="genrand 14 500 500 1" group="1" method="generated"/>
                <test group="1" method="manual"/>
                <test group="1" method="manual"/>
                <test group="1" method="manual"/>
                <test cmd="genrand 20 500 500 100" group="1" method="generated"/>
                <test cmd="gensaveup 20 20 500 100000 0" group="1" method="generated"/>
                <test cmd="genupdown 20 20 500 100000 0" group="1" method="generated"/>
                <test cmd="genrand 20 500 500 10" group="1" method="generated"/>
                <test cmd="genrand 20 20 20 10" group="1" method="generated"/>
                <test cmd="genallbad 40 0 300 100000 0" group="2" method="generated"/>
                <test cmd="genrand 50 500 500 100" group="2" method="generated"/>
                <test cmd="genrand 184 500 500 1000" group="2" method="generated"/>
                <test cmd="genrand 500 20 20 1000" group="2" method="generated"/>
                <test cmd="genrand 437 500 500 1000" group="2" method="generated"/>
                <test cmd="genrange 500 300 500 70 100 1 1000" group="2" method="generated"/>
                <test cmd="gensaveup 500 500 500 100000 0" group="2" method="generated"/>
                <test cmd="genupdown 500 20 500 100000 0" group="2" method="generated"/>
                <test cmd="genupdown 500 20 500 100000 20" group="2" method="generated"/>
                <test cmd="genallbad 500 0 300 100000 0" group="2" method="generated"/>
                <test cmd="gensaveup 500 200000 500 100000 20" group="3" method="generated"/>
                <test cmd="genrange 499 2000 4000 147 153 100000 100000" group="3" method="generated"/>
                <test cmd="genrand 478 7000 100 1000" group="3" method="generated"/>
                <test cmd="genrand 499 40000 500 1000" group="3" method="generated"/>
                <test cmd="genrand 478 1000000000 100 1000" group="3" method="generated"/>
                <test cmd="genrand 700 20 100 10" group="4" method="generated"/>
                <test cmd="genrand 1000 4000 5000 100000" group="4" method="generated"/>
                <test cmd="genrand 2000 500 100 1000" group="4" method="generated"/>
                <test cmd="genrand 5000 4000 100000 100000" group="4" method="generated"/>
                <test cmd="genrand 10000 4000 100000 100000" group="4" method="generated"/>
                <test cmd="genrand 50000 1000000 100000 10" group="4" method="generated"/>
                <test cmd="genrand 70000 4000 100000 100000" group="4" method="generated"/>
                <test cmd="genrand 100000 4000 100000 100" group="4" method="generated"/>
                <test cmd="genrand 99998 4000 10 100" group="4" method="generated"/>
                <test cmd="genrand 100000 0 100000 100000" group="4" method="generated"/>
                <test cmd="genrand 100000 1000000000 100000 100000" group="4" method="generated"/>
                <test cmd="genrand 99236 20 20 100000" group="4" method="generated"/>
                <test cmd="genrand 100000 20 70 100000" group="4" method="generated"/>
                <test cmd="gensaveup 100000 20 500 100000 30" group="4" method="generated"/>
                <test cmd="genupdown 98236 200 500 100000 30" group="4" method="generated"/>
                <test cmd="gensaveup 100000 20 500 100000 0" group="4" method="generated"/>
                <test cmd="genupdown 100000 200 500 100000 0" group="4" method="generated"/>
                <test cmd="genupdown 100000 1000000000 500 100000 60" group="4" method="generated"/>
                <test cmd="genallbad 99999 0 500 100000 0" group="4" method="generated"/>
                <test cmd="genallbad 100000 0 500 100000 5" group="4" method="generated"/>
                <test cmd="genrange 92391 20 40 10140 10160 90000 100000" group="4" method="generated"/>
                <test cmd="genrange 82348 1000000 2000000 90 100 10 20" group="4" method="generated"/>
                <test cmd="genrange 100000 0 0 99999 99999 10 1000" group="4" method="generated"/>
                <test cmd="genrange 100000 0 0 100000 100000 100000 100000" group="4" method="generated"/>
                <test cmd="genrange 100000 1 5 101 101 1 100000" group="4" method="generated"/>
            </tests>
        </testset>
    </judging>
    <files>
        <resources>
            <file path="files/olymp.sty"/>
            <file path="files/problem.tex"/>
            <file path="files/statements.ftl"/>
            <file path="files/testlib.h" type="h.g++"/>
            <file path="files/tutorial.tex"/>
        </resources>
        <executables>
            <executable>
                <source path="files/checker.cpp" type="cpp.g++11"/>
                <binary path="files/checker.exe" type="exe.win32"/>
            </executable>
            <executable>
                <source path="files/genallbad.cpp" type="cpp.g++11"/>
                <binary path="files/genallbad.exe" type="exe.win32"/>
            </executable>
            <executable>
                <source path="files/genrand.cpp" type="cpp.g++11"/>
                <binary path="files/genrand.exe" type="exe.win32"/>
            </executable>
            <executable>
                <source path="files/genrange.cpp" type="cpp.g++11"/>
                <binary path="files/genrange.exe" type="exe.win32"/>
            </executable>
            <executable>
                <source path="files/gensaveup.cpp" type="cpp.g++11"/>
                <binary path="files/gensaveup.exe" type="exe.win32"/>
            </executable>
            <executable>
                <source path="files/genupdown.cpp" type="cpp.g++11"/>
                <binary path="files/genupdown.exe" type="exe.win32"/>
            </executable>
            <executable>
                <source path="files/valid.cpp" type="cpp.g++11"/>
                <binary path="files/valid.exe" type="exe.win32"/>
            </executable>
        </executables>
    </files>
    <assets>
        <checker type="testlib">
            <source path="files/checker.cpp" type="cpp.g++11"/>
            <binary path="check.exe" type="exe.win32"/>
            <copy path="check.cpp" type="cpp.g++11"/>
            <testset>
                <test-count>3</test-count>
                <input-path-pattern>files/tests/checker-tests/%02d</input-path-pattern>
                <output-path-pattern>files/tests/checker-tests/%02d.o</output-path-pattern>
                <answer-path-pattern>files/tests/checker-tests/%02d.a</answer-path-pattern>
                <tests>
                    <test verdict="wrong-answer"/>
                    <test verdict="wrong-answer"/>
                    <test verdict="wrong-answer"/>
                </tests>
            </testset>
        </checker>
        <validators>
            <validator>
                <source path="files/valid.cpp" type="cpp.g++11"/>
                <binary path="files/valid.exe" type="exe.win32"/>
                <testset>
                    <test-count>4</test-count>
                    <input-path-pattern>files/tests/validator-tests/%02d</input-path-pattern>
                    <tests>
                        <test verdict="valid"/>
                        <test verdict="invalid"/>
                        <test verdict="invalid"/>
                        <test verdict="invalid"/>
                    </tests>
                </testset>
            </validator>
        </validators>
        <solutions>
            <solution tag="accepted">
                <source path="solutions/mk_sol.cpp" type="cpp.g++11"/>
                <binary path="solutions/mk_sol.exe" type="exe.win32"/>
            </solution>
            <solution tag="rejected">
                <source path="solutions/nk_2n_bruteforce.cpp" type="cpp.g++11"/>
                <binary path="solutions/nk_2n_bruteforce.exe" type="exe.win32"/>
            </solution>
            <solution tag="rejected">
                <source path="solutions/nk_dp_100n2.cpp" type="cpp.g++11"/>
                <binary path="solutions/nk_dp_100n2.exe" type="exe.win32"/>
            </solution>
            <solution tag="rejected">
                <source path="solutions/nk_dp_nm.cpp" type="cpp.g++11"/>
                <binary path="solutions/nk_dp_nm.exe" type="exe.win32"/>
            </solution>
            <solution tag="accepted">
                <source path="solutions/nk_ok_nlogn.cpp" type="cpp.g++11"/>
                <binary path="solutions/nk_ok_nlogn.exe" type="exe.win32"/>
            </solution>
            <solution tag="main">
                <source path="solutions/nk_ok_nlogn_clear.cpp" type="cpp.g++11"/>
                <binary path="solutions/nk_ok_nlogn_clear.exe" type="exe.win32"/>
            </solution>
            <solution tag="wrong-answer">
                <source path="solutions/nk_wa2_nlogn.cpp" type="cpp.g++11"/>
                <binary path="solutions/nk_wa2_nlogn.exe" type="exe.win32"/>
            </solution>
            <solution tag="wrong-answer">
                <source path="solutions/nk_wa_greedy.cpp" type="cpp.g++11"/>
                <binary path="solutions/nk_wa_greedy.exe" type="exe.win32"/>
            </solution>
            <solution tag="rejected">
                <source path="solutions/nk_wa_int_100n2.cpp" type="cpp.g++11"/>
                <binary path="solutions/nk_wa_int_100n2.exe" type="exe.win32"/>
            </solution>
            <solution tag="wrong-answer">
                <source path="solutions/nk_wa_int_nlogn.cpp" type="cpp.g++11"/>
                <binary path="solutions/nk_wa_int_nlogn.exe" type="exe.win32"/>
            </solution>
            <solution tag="wrong-answer">
                <source path="solutions/nk_wa_nlogn.cpp" type="cpp.g++11"/>
                <binary path="solutions/nk_wa_nlogn.exe" type="exe.win32"/>
            </solution>
            <solution tag="accepted">
                <source path="solutions/pk.cpp" type="cpp.g++11"/>
                <binary path="solutions/pk.exe" type="exe.win32"/>
            </solution>
            <solution tag="wrong-answer">
                <source path="solutions/pk_wa_change100.cpp" type="cpp.g++11"/>
                <binary path="solutions/pk_wa_change100.exe" type="exe.win32"/>
            </solution>
            <solution tag="wrong-answer">
                <source path="solutions/pk_wa_dontallow_zero.cpp" type="cpp.g++11"/>
                <binary path="solutions/pk_wa_dontallow_zero.exe" type="exe.win32"/>
            </solution>
            <solution tag="wrong-answer">
                <source path="solutions/pk_wa_nottoday.cpp" type="cpp.g++11"/>
                <binary path="solutions/pk_wa_nottoday.exe" type="exe.win32"/>
            </solution>
        </solutions>
    </assets>
    <properties>
        <property name="tests-wellformed" value="true"/>
    </properties>
    <stresses>
        <stress-count>1</stress-count>
        <stress-path-pattern>stresses/%03d</stress-path-pattern>
        <list>
            <stress index="1" path="stresses/001"/>
        </list>
    </stresses>
    <tags>
        <tag value="nnoi"/>
        <tag value="nnoi-2017"/>
        <tag value="nnoi-develop"/>
    </tags>
</problem>
