<?xml version="1.0" encoding="Windows-1251"?>
<ije-configuration
  testing-path="testdir\"
  problems-path="tests\"
  solutions-path="sols\"
  acm-solutions-path="sols_acm\"
  results-path="results\"
  dll-path="dll\"
  reports-path="reports\"
  macs-path="macs\"
  archive-path="archive\"
  run-dll="launcher\"
  idle-limit="5s"
  idle-percent="1"
  solutions-format="@@@_$"
  acm-solutions-format="@@@_$_%%%%_^^^" 
  problems-format="$"
  table-dll="xml"
>
  <default-cmdline
    test-client="-console"
    server=""
    user-interface-classic=""
  />
  <languages>
    <language command-line="bpc.exe @" ide="@" id="pas" name="Borland Pascal 7.0"/>
    <language command-line="bcc.exe -Ic:\_nnoi\c\include -Lc:\_nnoi\c\lib -ml @" ide="@" id="c" name="Borland C 3.1"/>
    <language command-line="bcc.exe -Ic:\_nnoi\c\include -Lc:\_nnoi\c\lib -ml @" ide="@" id="cpp" name="Borland C++ 3.1"/>
    <language ide="@" command-line="..\basc.bat @" id="bas" name="Microsoft BASIC 7.10"/>
    
    <llanguage command-line="g++.exe @ -o sol.exe" ide="@" id="cpp" name="G++"/>
    <llanguage command-line="g++.exe @ -o sol.exe" ide="@" id="c" name="G++"/>
    <llanguage command-line="dcc32.exe @" ide="@" id="dpr" name="Delphi"/>
    <llanguage command-line="fpc.exe @" ide="@" id="pp" name="Free Pascal"/>
    <llanguage command-line="javac @" ide="@" id="java" name="Java" run-command-line="java @" compiled-ext=".class" keep-source-name="true"/>
  </languages>
</ije-configuration>
