<?xml version="1.0" encoding="utf-8" standalone="no"?>
<problem revision="35" short-name="best-before" url="https://polygon.codeforces.com/p/pkalinin/best-before">
    <names>
        <name language="russian" value="Кефир"/>
    </names>
    <statements>
        <statement charset="UTF-8" language="russian" path="statements/russian/problem.tex" type="application/x-tex"/>
        <statement language="russian" path="statements/.pdf/russian/problem.pdf" type="application/pdf"/>
    </statements>
    <tutorials>
        <tutorial charset="UTF-8" language="russian" path="statements/russian/tutorial.tex" type="application/x-tex"/>
        <tutorial language="russian" path="statements/.pdf/russian/tutorial.pdf" type="application/pdf"/>
        <tutorial charset="UTF-8" language="russian" path="statements/.html/russian/tutorial.html" type="text/html"/>
    </tutorials>
    <judging cpu-name="Intel(R) Core(TM) i5-3470 CPU @ 3.20GHz" cpu-speed="3600" input-file="" output-file="">
        <testset name="tests">
            <time-limit>2000</time-limit>
            <memory-limit>268435456</memory-limit>
            <test-count>32</test-count>
            <input-path-pattern>tests/%02d</input-path-pattern>
            <answer-path-pattern>tests/%02d.a</answer-path-pattern>
            <tests>
                <test method="manual" sample="true"/>
                <test method="manual" sample="true"/>
                <test method="manual"/>
                <test cmd="gen2 11 22 33 3" method="generated"/>
                <test cmd="gen3 73 10 23 3" method="generated"/>
                <test cmd="gen_minus_one 36 100 7" method="generated"/>
                <test cmd="gen3 40 30 2 53" method="generated"/>
                <test cmd="gen2 201 142 1 210" method="generated"/>
                <test cmd="gen2 167 281 1 203" method="generated"/>
                <test cmd="gen2 435 391 2 518" method="generated"/>
                <test cmd="gen3 421 590 11 55" method="generated"/>
                <test cmd="gen_minus_one 5429 1838 2" method="generated"/>
                <test cmd="gen_minus_one 87923 1179 23" method="generated"/>
                <test cmd="gen2 1819 2810 1 2616" method="generated"/>
                <test cmd="gen_minus_one 361829 15168 1" method="generated"/>
                <test cmd="gen_minus_one 367923 12518 35" method="generated"/>
                <test cmd="gen2 17182 21572 1 38754" method="generated"/>
                <test cmd="gen3 923450 46 92345 9" method="generated"/>
                <test cmd="gen3 37182 41527 2 57182" method="generated"/>
                <test cmd="gen3 61628 50172 212 582" method="generated"/>
                <test cmd="gen3 123 937193 57190 3" method="generated"/>
                <test cmd="gen3 143471 209217 5 151820" method="generated"/>
                <test cmd="gen2 316282 215279 1 484919" method="generated"/>
                <test cmd="gen2 179296 272191 1 259172" method="generated"/>
                <test cmd="gen4 5194 289015 2 51529" method="generated"/>
                <test cmd="gen2 317209 381937 1 401729" method="generated"/>
                <test cmd="gen2 571920 471829 2 561628" method="generated"/>
                <test cmd="gen2 701821 617290 3 591729" method="generated"/>
                <test cmd="gen2 964170 14 10 96417" method="generated"/>
                <test cmd="gen2 1 1000000 2 500000" method="generated"/>
                <test cmd="gen2 1000000 1000000 1 1100000" method="generated"/>
                <test cmd="gen2 1000000 1000000 2000000" method="generated"/>
            </tests>
        </testset>
    </judging>
    <files>
        <resources>
            <file path="files/olymp.sty"/>
            <file path="files/problem.tex"/>
            <file path="files/statements.ftl"/>
            <file path="files/testlib.h" type="h.g++"/>
            <file path="files/tutorial.tex"/>
        </resources>
        <executables>
            <executable>
                <source path="files/checker.cpp" type="cpp.g++11"/>
                <binary path="files/checker.exe" type="exe.win32"/>
            </executable>
            <executable>
                <source path="files/gen1.cpp" type="cpp.g++"/>
                <binary path="files/gen1.exe" type="exe.win32"/>
            </executable>
            <executable>
                <source path="files/gen2.cpp" type="cpp.g++"/>
                <binary path="files/gen2.exe" type="exe.win32"/>
            </executable>
            <executable>
                <source path="files/gen3.cpp" type="cpp.g++"/>
                <binary path="files/gen3.exe" type="exe.win32"/>
            </executable>
            <executable>
                <source path="files/gen4.cpp" type="cpp.g++"/>
                <binary path="files/gen4.exe" type="exe.win32"/>
            </executable>
            <executable>
                <source path="files/gen_minus_one.cpp" type="cpp.g++"/>
                <binary path="files/gen_minus_one.exe" type="exe.win32"/>
            </executable>
            <executable>
                <source path="files/validator.cpp" type="cpp.g++"/>
                <binary path="files/validator.exe" type="exe.win32"/>
            </executable>
        </executables>
    </files>
    <assets>
        <checker type="testlib">
            <source path="files/checker.cpp" type="cpp.g++11"/>
            <binary path="check.exe" type="exe.win32"/>
            <copy path="check.cpp" type="cpp.g++11"/>
            <testset>
                <test-count>15</test-count>
                <input-path-pattern>files/tests/checker-tests/%02d</input-path-pattern>
                <output-path-pattern>files/tests/checker-tests/%02d.o</output-path-pattern>
                <answer-path-pattern>files/tests/checker-tests/%02d.a</answer-path-pattern>
                <tests>
                    <test verdict="ok"/>
                    <test verdict="crashed"/>
                    <test verdict="wrong-answer"/>
                    <test verdict="wrong-answer"/>
                    <test verdict="wrong-answer"/>
                    <test verdict="crashed"/>
                    <test verdict="crashed"/>
                    <test verdict="wrong-answer"/>
                    <test verdict="ok"/>
                    <test verdict="crashed"/>
                    <test verdict="wrong-answer"/>
                    <test verdict="wrong-answer"/>
                    <test verdict="wrong-answer"/>
                    <test verdict="presentation-error"/>
                    <test verdict="ok"/>
                </tests>
            </testset>
        </checker>
        <validators>
            <validator>
                <source path="files/validator.cpp" type="cpp.g++"/>
                <binary path="files/validator.exe" type="exe.win32"/>
                <testset>
                    <test-count>9</test-count>
                    <input-path-pattern>files/tests/validator-tests/%02d</input-path-pattern>
                    <tests>
                        <test verdict="invalid"/>
                        <test verdict="valid"/>
                        <test verdict="invalid"/>
                        <test verdict="invalid"/>
                        <test verdict="invalid"/>
                        <test verdict="invalid"/>
                        <test verdict="invalid"/>
                        <test verdict="invalid"/>
                        <test verdict="invalid"/>
                    </tests>
                </testset>
            </validator>
        </validators>
        <solutions>
            <solution tag="accepted">
                <source path="solutions/ash_nlogm.cpp" type="cpp.g++11"/>
                <binary path="solutions/ash_nlogm.exe" type="exe.win32"/>
            </solution>
            <solution tag="wrong-answer">
                <source path="solutions/dk_dummy_max_ans.cpp" type="cpp.g++"/>
                <binary path="solutions/dk_dummy_max_ans.exe" type="exe.win32"/>
            </solution>
            <solution tag="wrong-answer">
                <source path="solutions/dk_dummy_minus_one.cpp" type="cpp.g++"/>
                <binary path="solutions/dk_dummy_minus_one.exe" type="exe.win32"/>
            </solution>
            <solution tag="time-limit-exceeded">
                <source path="solutions/dk_mt.cpp" type="cpp.g++"/>
                <binary path="solutions/dk_mt.exe" type="exe.win32"/>
            </solution>
            <solution tag="main">
                <source path="solutions/dk_t.cpp" type="cpp.g++11"/>
                <binary path="solutions/dk_t.exe" type="exe.win32"/>
            </solution>
            <solution tag="accepted">
                <source path="solutions/dk_t_only_first_group.cpp" type="cpp.g++11"/>
                <binary path="solutions/dk_t_only_first_group.exe" type="exe.win32"/>
            </solution>
            <solution tag="wrong-answer">
                <source path="solutions/dk_t_only_k_1.cpp" type="cpp.g++11"/>
                <binary path="solutions/dk_t_only_k_1.exe" type="exe.win32"/>
            </solution>
            <solution tag="wrong-answer">
                <source path="solutions/dk_t_wa.cpp" type="cpp.g++11"/>
                <binary path="solutions/dk_t_wa.exe" type="exe.win32"/>
            </solution>
            <solution tag="accepted">
                <source path="solutions/dk_tlogm.cpp" type="cpp.g++"/>
                <binary path="solutions/dk_tlogm.exe" type="exe.win32"/>
            </solution>
            <solution tag="accepted">
                <source path="solutions/mk_sol.cpp" type="cpp.g++11"/>
                <binary path="solutions/mk_sol.exe" type="exe.win32"/>
            </solution>
            <solution tag="accepted">
                <source path="solutions/pk.cpp" type="cpp.g++11"/>
                <binary path="solutions/pk.exe" type="exe.win32"/>
            </solution>
            <solution tag="wrong-answer">
                <source path="solutions/pk_no_max_slot.cpp" type="cpp.g++11"/>
                <binary path="solutions/pk_no_max_slot.exe" type="exe.win32"/>
            </solution>
            <solution tag="wrong-answer">
                <source path="solutions/pk_wa_no_-1.cpp" type="cpp.g++11"/>
                <binary path="solutions/pk_wa_no_-1.exe" type="exe.win32"/>
            </solution>
            <solution tag="wrong-answer">
                <source path="solutions/pk_wa_no_sort.cpp" type="cpp.g++11"/>
                <binary path="solutions/pk_wa_no_sort.exe" type="exe.win32"/>
            </solution>
            <solution tag="rejected">
                <source path="solutions/pk_wa_single_slots.cpp" type="cpp.g++11"/>
                <binary path="solutions/pk_wa_single_slots.exe" type="exe.win32"/>
            </solution>
            <solution tag="wrong-answer">
                <source path="solutions/pk_wa_slots_k1.cpp" type="cpp.g++11"/>
                <binary path="solutions/pk_wa_slots_k1.exe" type="exe.win32"/>
            </solution>
            <solution tag="wrong-answer">
                <source path="solutions/pk_wa_upto_can.cpp" type="cpp.g++11"/>
                <binary path="solutions/pk_wa_upto_can.exe" type="exe.win32"/>
            </solution>
            <solution tag="wrong-answer">
                <source path="solutions/pk_wa_upto_have.cpp" type="cpp.g++11"/>
                <binary path="solutions/pk_wa_upto_have.exe" type="exe.win32"/>
            </solution>
        </solutions>
    </assets>
    <properties>
        <property name="tests-wellformed" value="true"/>
    </properties>
    <stresses>
        <stress-count>0</stress-count>
        <stress-path-pattern>stresses/%03d</stress-path-pattern>
        <list/>
    </stresses>
    <documents>
        <document path="documents/description.txt" type="text/plain"/>
    </documents>
    <tags>
        <tag value="greedy"/>
        <tag value="nnoi"/>
        <tag value="nnoi-2017"/>
        <tag value="nnoi-develop"/>
    </tags>
</problem>
